Workbook

Sheet Results_from_Source
C2: Run 1 | N2: TOTAL
A3: Sim 1 | C3: Echelon | D3: Cost Type | E3: Baseline | F3: ELV | G3: Delta - Baseline | H3: CRP | I3: Delta - Baseline | J3: Delta - ELV | N3: Echelon | O3: Cost Type | P3: Baseline | Q3: ELV | R3: Baseline | S3: S10 | T3: CRP | U3: Baseline | V3: S10 | W3: ELV
C4: Run 1 | D4: Total Costs | E4: 2286 | F4: 957.5 | G4: 0.58114611 | H4: 740.5 | I4: 0.67607174 | J4: 0.094925634 | N4: TOTAL | O4: Total Costs | P4: =SUM(P5:P8) -> 2286 | Q4: =SUM(Q5:Q8) -> 880.4 | R4: =AVERAGE(R5:R8) -> 0.60960775 | S4: =_xlfn.STDEV.S(F4,F12,F20,F28,F36,F44,F52,F60,F68,F76) -> 166.10736 | T4: =SUM(T5:T8) -> 799.1 | U4: =(P4-T4)/P4 -> 0.65043745 | V4: =_xlfn.STDEV.S(H4,H12,H20,H28,H36) -> 52.77381 | W4: =U4-Table1[[#This Row],[ Baseline]] -> 0.040829697
C5: Retailer | D5: Total Costs | E5: 516.5 | F5: 311.5 | G5: 0.39690223 | H5: 172.5 | I5: 0.6660213 | J5: 0.26911907 | N5: Retailer | O5: Total Costs | P5: =AVERAGE(E5,E13,E21,E29,E37,E45,E53,E61,E69,E77) -> 516.5 | Q5: =AVERAGE(F5,F13,F21,F29,F37,F45,F53,F61,F69,F77) -> 202.55 | R5: =(P5-Q5)/P5 -> 0.60784124 | S5: =_xlfn.STDEV.S(F5,F13,F21,F29,F37,F45,F53,F61,F69,F77) -> 67.229065 | T5: =AVERAGE(H5,H13,H21,H29,H37,H45,H53,H61,H69,H77) -> 183.55 | U5: =(P5-T5)/P5 -> 0.6446273 | V5: =_xlfn.STDEV.S(H5,H13,H21,H29,H37) -> 47.443387 | W5: =U5-Table1[[#This Row],[ Baseline]] -> 0.03678606
C6: Wholesaler | D6: Total Costs | E6: 600 | F6: 183 | G6: 0.695 | H6: 180.5 | I6: 0.69916667 | J6: 0.0041666667 | N6: Wholesaler | O6: Total Costs | P6: =AVERAGE(E6,E14,E22,E30,E38,E46,E54,E62,E70,E78) -> 600 | Q6: =AVERAGE(F6,F14,F22,F30,F38,F46,F54,F62,F70,F78) -> 179.75 | R6: =(P6-Q6)/P6 -> 0.70041667 | S6: =_xlfn.STDEV.S(F6,F14,F22,F30,F38,F46,F54,F62,F70,F78) -> 7.5654551 | T6: =AVERAGE(H6,H14,H22,H30,H38,H46,H54,H62,H70,H78) -> 177.35 | U6: =(P6-T6)/P6 -> 0.70441667 | V6: =_xlfn.STDEV.S(H6,H14,H22,H30,H38) -> 3.0536863 | W6: =U6-Table1[[#This Row],[ Baseline]] -> 0.004
C7: Distributor | D7: Total Costs | E7: 634 | F7: 203 | G7: 0.67981073 | H7: 189 | I7: 0.70189274 | J7: 0.022082019 | N7: Distributor | O7: Total Costs | P7: =AVERAGE(E7,E15,E23,E31,E39,E47,E55,E63,E71,E79) -> 634 | Q7: =AVERAGE(F7,F15,F23,F31,F39,F47,F55,F63,F71,F79) -> 207.95 | R7: =(P7-Q7)/P7 -> 0.67200315 | S7: =_xlfn.STDEV.S(F7,F15,F23,F31,F39,F47,F55,F63,F71,F79) -> 20.612092 | T7: =AVERAGE(H7,H15,H23,H31,H39,H47,H55,H63,H71,H79) -> 203.85 | U7: =(P7-T7)/P7 -> 0.67847003 | V7: =_xlfn.STDEV.S(H7,H15,H23,H31,H39) -> 12.359207 | W7: =U7-Table1[[#This Row],[ Baseline]] -> 0.006466877
C8: Producer | D8: Total Costs | E8: 535.5 | F8: 260 | G8: 0.51447246 | H8: 198.5 | I8: 0.62931839 | J8: 0.11484594 | N8: Producer | O8: Total Costs | P8: =AVERAGE(E8,E16,E24,E32,E40,E48,E56,E64,E72,E80) -> 535.5 | Q8: =AVERAGE(F8,F16,F24,F32,F40,F48,F56,F64,F72,F80) -> 290.15 | R8: =(P8-Q8)/P8 -> 0.45816993 | S8: =_xlfn.STDEV.S(F8,F16,F24,F32,F40,F48,F56,F64,F72,F80) -> 129.72493 | T8: =AVERAGE(H8,H16,H24,H32,H40,H48,H56,H64,H72,H80) -> 234.35 | U8: =(P8-T8)/P8 -> 0.56237162 | V8: =_xlfn.STDEV.S(H8,H16,H24,H32,H40) -> 28.674902 | W8: =U8-Table1[[#This Row],[ Baseline]] -> 0.10420168
C10: Run2
A11: Sim 2 | C11: Echelon | D11: Cost Type | E11: Baseline | F11: ELV | G11: Delta - Baseline | H11: CRP | I11: Delta - Baseline | J11: Delta - ELV
C12: Run 2 | D12: Total Costs | E12: 2286 | F12: 817.5 | G12: 0.64238845 | H12: 727.5 | I12: 0.68175853 | J12: 0.039370079
C13: Retailer | D13: Total Costs | E13: 516.5 | F13: 173.5 | G13: 0.66408519 | H13: 178 | I13: 0.6553727 | J13: -0.0087124879
C14: Wholesaler | D14: Total Costs | E14: 600 | F14: 187.5 | G14: 0.6875 | H14: 180 | I14: 0.7 | J14: 0.0125
C15: Distributor | D15: Total Costs | E15: 634 | F15: 217.5 | G15: 0.65694006 | H15: 209 | I15: 0.670347 | J15: 0.01340694
C16: Producer | D16: Total Costs | E16: 535.5 | F16: 239 | G16: 0.55368814 | H16: 160.5 | I16: 0.70028011 | J16: 0.14659197
C18: Run 3
A19: Sim 3 | C19: Echelon | D19: Cost Type | E19: Baseline | F19: ELV | G19: Delta - Baseline | H19: CRP | I19: Delta - Baseline | J19: Delta - ELV
C20: Run 3 | D20: Total Costs | E20: 2286 | F20: 914 | G20: 0.60017498 | H20: 750 | I20: 0.67191601 | J20: 0.071741032
C21: Retailer | D21: Total Costs | E21: 516.5 | F21: 236 | G21: 0.54307841 | H21: 184.5 | I21: 0.642788 | J21: 0.099709584
C22: Wholesaler | D22: Total Costs | E22: 600 | F22: 197 | G22: 0.67166667 | H22: 179.5 | I22: 0.70083333 | J22: 0.029166667
C23: Distributor | D23: Total Costs | E23: 634 | F23: 223.5 | G23: 0.64747634 | H23: 188 | I23: 0.70347003 | J23: 0.055993691
C24: Producer | D24: Total Costs | E24: 535.5 | F24: 257.5 | G24: 0.51914099 | H24: 198 | I24: 0.6302521 | J24: 0.11111111
C26: Run 4
A27: Sim 4 | C27: Echelon | D27: Cost Type | E27: Baseline | F27: ELV | G27: Delta - Baseline | H27: CRP | I27: Delta - Baseline | J27: Delta - ELV
C28: Run 4 | D28: Total Costs | E28: 2286 | F28: 913.5 | G28: 0.6003937 | H28: 815.5 | I28: 0.64326334 | J28: 0.042869641
C29: Retailer | D29: Total Costs | E29: 516.5 | F29: 212 | G29: 0.58954501 | H29: 175.5 | I29: 0.66021297 | J29: 0.070667957
C30: Wholesaler | D30: Total Costs | E30: 600 | F30: 177 | G30: 0.705 | H30: 185 | I30: 0.69166667 | J30: -0.013333333
C31: Distributor | D31: Total Costs | E31: 634 | F31: 212.5 | G31: 0.6648265 | H31: 215.5 | I31: 0.66009464 | J31: -0.0047318612
C32: Producer | D32: Total Costs | E32: 535.5 | F32: 312 | G32: 0.41736695 | H32: 239.5 | I32: 0.55275444 | J32: 0.13538749
C34: Run 5
A35: Sim 5 | C35: Echelon | D35: Cost Type | E35: Baseline | F35: ELV | G35: Delta - Baseline | H35: CRP | I35: Delta - Baseline | J35: Delta - ELV
C36: Run 5 | D36: Total Costs | E36: 2286 | F36: 896.5 | G36: 0.60783027 | H36: 668 | I36: 0.70778653 | J36: 0.099956255
C37: Retailer | D37: Total Costs | E37: 516.5 | F37: 208 | G37: 0.59728945 | H37: 72 | I37: 0.86060019 | J37: 0.26331075
C38: Wholesaler | D38: Total Costs | E38: 600 | F38: 180 | G38: 0.7 | H38: 176.5 | I38: 0.70583333 | J38: 0.0058333333
C39: Distributor | D39: Total Costs | E39: 634 | F39: 194 | G39: 0.69400631 | H39: 206 | I39: 0.67507886 | J39: -0.018927445
C40: Producer | D40: Total Costs | E40: 535.5 | F40: 314.5 | G40: 0.41269841 | H40: 213.5 | I40: 0.60130719 | J40: 0.18860878
C42: Run 6
A43: Sim 6 | C43: Echelon | D43: Cost Type | E43: Baseline | F43: ELV | G43: Delta - Baseline | H43: CRP | I43: Delta - Baseline | J43: Delta - ELV
C44: Run 6 | D44: Total Costs | E44: 2286 | F44: 774.5 | G44: 0.6611986 | H44: 822.5 | I44: 0.64020122 | J44: -0.020997375
C45: Retailer | D45: Total Costs | E45: 516.5 | F45: 212 | G45: 0.58954501 | H45: 212 | I45: 0.58954501 | J45: 0
C46: Wholesaler | D46: Total Costs | E46: 600 | F46: 174 | G46: 0.71 | H46: 172.5 | I46: 0.7125 | J46: 0.0025
C47: Distributor | D47: Total Costs | E47: 634 | F47: 187 | G47: 0.70504732 | H47: 205.5 | I47: 0.67586751 | J47: -0.029179811
C48: Producer | D48: Total Costs | E48: 535.5 | F48: 201.5 | G48: 0.62371615 | H48: 232.5 | I48: 0.56582633 | J48: -0.057889823
C50: Run 7
A51: Sim 7 | C51: Echelon | D51: Cost Type | E51: Baseline | F51: ELV | G51: Delta - Baseline | H51: CRP | I51: Delta - Baseline | J51: Delta - ELV
C52: Run 7 | D52: Total Costs | E52: 2286 | F52: 1278 | G52: 0.44094488 | H52: 720 | I52: 0.68503937 | J52: 0.24409449
C53: Retailer | D53: Total Costs | E53: 516.5 | F53: 208.5 | G53: 0.59632139 | H53: 209.5 | I53: 0.59438529 | J53: -0.0019361084
C54: Wholesaler | D54: Total Costs | E54: 600 | F54: 173.5 | G54: 0.71083333 | H54: 173 | I54: 0.71166667 | J54: 0.00083333333
C55: Distributor | D55: Total Costs | E55: 634 | F55: 252.5 | G55: 0.60173502 | H55: 180 | I55: 0.71608833 | J55: 0.11435331
C56: Producer | D56: Total Costs | E56: 535.5 | F56: 643.5 | G56: -0.20168067 | H56: 157.5 | I56: 0.70588235 | J56: 0.90756303
C58: Run 8
A59: Sim 8 | C59: Echelon | D59: Cost Type | E59: Baseline | F59: ELV | G59: Delta - Baseline | H59: CRP | I59: Delta - Baseline | J59: Delta - ELV
C60: Run 8 | D60: Total Costs | E60: 2286 | F60: 810 | G60: 0.64566929 | H60: 1060.5 | I60: 0.53608924 | J60: -0.10958005
C61: Retailer | D61: Total Costs | E61: 516.5 | F61: 212 | G61: 0.58954501 | H61: 207.5 | I61: 0.5982575 | J61: 0.0087124879
C62: Wholesaler | D62: Total Costs | E62: 600 | F62: 176 | G62: 0.70666667 | H62: 185 | I62: 0.69166667 | J62: -0.015
C63: Distributor | D63: Total Costs | E63: 634 | F63: 187.5 | G63: 0.70425868 | H63: 210.5 | I63: 0.66798107 | J63: -0.036277603
C64: Producer | D64: Total Costs | E64: 535.5 | F64: 234.5 | G64: 0.5620915 | H64: 457.5 | I64: 0.14565826 | J64: -0.41643324
C66: Run 9
A67: Sim 9 | C67: Echelon | D67: Cost Type | E67: Baseline | F67: ELV | G67: Delta - Baseline | H67: CRP | I67: Delta - Baseline | J67: Delta - ELV
C68: Run 9 | D68: Total Costs | E68: 2286 | F68: 647 | G68: 0.71697288 | H68: 816.5 | I68: 0.6428259 | J68: -0.074146982
C69: Retailer | D69: Total Costs | E69: 516.5 | F69: 40 | G69: 0.92255566 | H69: 212 | I69: 0.58954501 | J69: -0.33301065
C70: Wholesaler | D70: Total Costs | E70: 600 | F70: 173.5 | G70: 0.71083333 | H70: 176 | I70: 0.70666667 | J70: -0.0041666667
C71: Distributor | D71: Total Costs | E71: 634 | F71: 213.5 | G71: 0.66324921 | H71: 191 | I71: 0.69873817 | J71: 0.035488959
C72: Producer | D72: Total Costs | E72: 535.5 | F72: 220 | G72: 0.589169 | H72: 237.5 | I72: 0.55648926 | J72: -0.032679739
C74: Run 10
C75: Echelon | D75: Cost Type | E75: Baseline | F75: ELV | G75: Delta - Baseline | H75: CRP | I75: Delta - Baseline | J75: Delta - ELV
A76: Sim 10 | C76: Run 10 | D76: Total Costs | E76: 2286 | F76: 795.5 | G76: 0.65201225 | H76: 870 | I76: 0.61942257 | J76: -0.032589676
C77: Retailer | D77: Total Costs | E77: 516.5 | F77: 212 | G77: 0.58954501 | H77: 212 | I77: 0.58954501 | J77: 0
C78: Wholesaler | D78: Total Costs | E78: 600 | F78: 176 | G78: 0.70666667 | H78: 165.5 | I78: 0.72416667 | J78: 0.0175
C79: Distributor | D79: Total Costs | E79: 634 | F79: 188.5 | G79: 0.70268139 | H79: 244 | I79: 0.61514196 | J79: -0.087539432
C80: Producer | D80: Total Costs | E80: 535.5 | F80: 219 | G80: 0.59103641 | H80: 248.5 | I80: 0.53594771 | J80: -0.055088702

Sheet Results_Calculated
C2: Run 1 | O2: TOTAL
A3: Sim 1 | C3: Echelon | D3: Cost Type | E3: Baseline | F3: DQN | G3: Delta-Baseline | H3: ELV | I3: Delta - Baseline | J3: CRP | K3: Delta - Baseline | L3: Delta - ELV | M3: Delta- DQN | Q3: Echelon | R3: Baseline | S3: DQN | T3: BL-DQN | U3: ELV | W3: BL - ELV | X3: CRP | Z3: BL - CRP | AA3: ELV- CRP | AB3: DQN-CRP
C4: Run 1 | D4: Total Costs | E4: =SUM(E5:E8) -> 2286 | F4: 788.5 | G4: =(Table619[[#This Row],[Baseline]]-Table619[[#This Row],[DQN]])/Table619[[#This Row],[Baseline]] -> 0.65507437 | H4: =SUM(H5:H8) -> 830 | I4: =(Table619[[#This Row],[Baseline]]-Table619[[#This Row],[ELV]])/E4 -> 0.63692038 | J4: =SUM(J5:J8) -> 930 | K4: =(Table619[[#This Row],[Baseline]]-Table619[[#This Row],[CRP]])/Table619[[#This Row],[Baseline]] -> 0.59317585 | L4: =Table619[[#This Row],[Delta - Baseline ]]-Table619[[#This Row],[Delta - Baseline]] -> -0.043744532 | M4: =Table619[[#This Row],[Delta - Baseline ]]-Table619[[#This Row],[Delta-Baseline]] -> -0.061898513 | Q4: TOTAL | R4: =SUM(R5:R8) -> 2286 | S4: ='Totals All'!AD38 -> 788.5 | T4: =(Table118[[#This Row],[Baseline]]-Table118[[#This Row],[DQN]])/Table118[[#This Row],[Baseline]] -> 0.65507437 | U4: =SUM(U5:U8) -> 891.05 | V4: =_xlfn.STDEV.S(H4,H12,H20,H28,H36,H44,H52,H60,H68,H76) -> 110.39561 | W4: =AVERAGE(W5:W8) -> 0.60363248 | X4: =SUM(X5:X8) -> 860.15 | Y4: =_xlfn.STDEV.S(J4,J12,J20,J28,J36,J44,J52,HK60,J68,J76) -> 80.105009 | Z4: =(R4-X4)/R4 -> 0.62373141 | AA4: =Z4-Table118[[#This Row],[BL - ELV]] -> 0.020098925 | AB4: =Table118[[#This Row],[BL - CRP]]-Table118[[#This Row],[BL-DQN]] -> -0.031342957
C5: Retailer | D5: Total Costs | E5: ='IHC Baseline'!B$40+'UBC Baseline'!B$40 -> 634 | F5: 118 | G5: =(Table619[[#This Row],[Baseline]]-Table619[[#This Row],[DQN]])/Table619[[#This Row],[Baseline]] -> 0.81388013 | H5: ='IHC ELV'!B$40+'UBC ELV'!B$40 -> 193.5 | I5: =(Table619[[#This Row],[Baseline]]-Table619[[#This Row],[ELV]])/E5 -> 0.69479495 | J5: ='IHC CRP'!B$40+'UBC CRP'!B$40 -> 188 | K5: =(Table619[[#This Row],[Baseline]]-Table619[[#This Row],[CRP]])/Table619[[#This Row],[Baseline]] -> 0.70347003 | L5: =Table619[[#This Row],[Delta - Baseline ]]-Table619[[#This Row],[Delta - Baseline]] -> 0.0086750789 | M5: =Table619[[#This Row],[Delta - Baseline ]]-Table619[[#This Row],[Delta-Baseline]] -> -0.11041009 | Q5: Retailer | R5: =AVERAGE(E5,E13,E21,E29,E37,E45,E53,E61,E69,E77) -> 634 | S5: ='Totals DQN'!AA38 -> 118 | T5: =(Table118[[#This Row],[Baseline]]-Table118[[#This Row],[DQN]])/Table118[[#This Row],[Baseline]] -> 0.81388013 | U5: =AVERAGE(H5,H13,H21,H29,H37,H45,H53,H61,H69,H77) -> 195.8 | V5: =_xlfn.STDEV.S(H5,H13,H21,H29,H37,H45,H53,H61,H69,H77) -> 22.859717 | W5: =(R5-U5)/R5 -> 0.69116719 | X5: =AVERAGE(J5,J13,J21,J29,J37,J45,J53,J61,J69,J77) -> 187.7 | Y5: =_xlfn.STDEV.S(J5,J13,J21,J29,J37,J45,J53,HK61,J69,J77) -> 5.6316319 | Z5: =(R5-X5)/R5 -> 0.70394322 | AA5: =Z5-Table118[[#This Row],[BL - ELV]] -> 0.012776025 | AB5: =Table118[[#This Row],[BL - CRP]]-Table118[[#This Row],[BL-DQN]] -> -0.10993691
C6: Wholesaler | D6: Total Costs | E6: ='IHC Baseline'!C$40+'UBC Baseline'!C$40 -> 535.5 | F6: 212.5 | G6: =(Table619[[#This Row],[Baseline]]-Table619[[#This Row],[DQN]])/Table619[[#This Row],[Baseline]] -> 0.6031746 | H6: ='IHC ELV'!C$40+'UBC ELV'!C$40 -> 227 | I6: =(Table619[[#This Row],[Baseline]]-Table619[[#This Row],[ELV]])/E6 -> 0.57609711 | J6: ='IHC CRP'!C$40+'UBC CRP'!C$40 -> 325.5 | K6: =(Table619[[#This Row],[Baseline]]-Table619[[#This Row],[CRP]])/Table619[[#This Row],[Baseline]] -> 0.39215686 | L6: =Table619[[#This Row],[Delta - Baseline ]]-Table619[[#This Row],[Delta - Baseline]] -> -0.18394024 | M6: =Table619[[#This Row],[Delta - Baseline ]]-Table619[[#This Row],[Delta-Baseline]] -> -0.21101774 | Q6: Wholesaler | R6: =AVERAGE(E6,E14,E22,E30,E38,E46,E54,E62,E70,E78) -> 535.5 | S6: ='Totals DQN'!AB38 -> 212.5 | T6: =(Table118[[#This Row],[Baseline]]-Table118[[#This Row],[DQN]])/Table118[[#This Row],[Baseline]] -> 0.6031746 | U6: =AVERAGE(H6,H14,H22,H30,H38,H46,H54,H62,H70,H78) -> 300.55 | V6: =_xlfn.STDEV.S(H6,H14,H22,H30,H38,H46,H54,H62,H70,H78) -> 94.52673 | W6: =(R6-U6)/R6 -> 0.43874883 | X6: =AVERAGE(J6,J14,J22,J30,J38,J46,J54,J62,J70,J78) -> 273.75 | Y6: =_xlfn.STDEV.S(J6,J14,J22,J30,J38,J46,J54,HK62,J70,J78) -> 68.29623 | Z6: =(R6-X6)/R6 -> 0.48879552 | AA6: =Z6-Table118[[#This Row],[BL - ELV]] -> 0.050046685 | AB6: =Table118[[#This Row],[BL - CRP]]-Table118[[#This Row],[BL-DQN]] -> -0.11437908
C7: Distributor | D7: Total Costs | E7: ='IHC Baseline'!D$40+'UBC Baseline'!D$40 -> 516.5 | F7: 297 | G7: =(Table619[[#This Row],[Baseline]]-Table619[[#This Row],[DQN]])/Table619[[#This Row],[Baseline]] -> 0.4249758 | H7: ='IHC ELV'!D$40+'UBC ELV'!D$40 -> 220.5 | I7: =(Table619[[#This Row],[Baseline]]-Table619[[#This Row],[ELV]])/E7 -> 0.57308809 | J7: ='IHC CRP'!D$40+'UBC CRP'!D$40 -> 226.5 | K7: =(Table619[[#This Row],[Baseline]]-Table619[[#This Row],[CRP]])/Table619[[#This Row],[Baseline]] -> 0.56147144 | L7: =Table619[[#This Row],[Delta - Baseline ]]-Table619[[#This Row],[Delta - Baseline]] -> -0.011616651 | M7: =Table619[[#This Row],[Delta - Baseline ]]-Table619[[#This Row],[Delta-Baseline]] -> 0.13649564 | Q7: Distributor | R7: =AVERAGE(E7,E15,E23,E31,E39,E47,E55,E63,E71,E79) -> 516.5 | S7: ='Totals DQN'!AC38 -> 297 | T7: =(Table118[[#This Row],[Baseline]]-Table118[[#This Row],[DQN]])/Table118[[#This Row],[Baseline]] -> 0.4249758 | U7: =AVERAGE(H7,H15,H23,H31,H39,H47,H55,H63,H71,H79) -> 213.6 | V7: =_xlfn.STDEV.S(H7,H15,H23,H31,H39,H47,H55,H63,H71,H79) -> 20.008054 | W7: =(R7-U7)/R7 -> 0.58644724 | X7: =AVERAGE(J7,J15,J23,J31,J39,J47,J55,J63,J71,J79) -> 214.4 | Y7: =_xlfn.STDEV.S(J7,J15,J23,J31,J39,J47,J55,HK63,J71,J79) -> 22.339862 | Z7: =(R7-X7)/R7 -> 0.58489835 | AA7: =Z7-Table118[[#This Row],[BL - ELV]] -> -0.0015488867 | AB7: =Table118[[#This Row],[BL - CRP]]-Table118[[#This Row],[BL-DQN]] -> 0.15992256
C8: Producer | D8: Total Costs | E8: ='IHC Baseline'!E$40+'UBC Baseline'!E$40 -> 600 | F8: 161 | G8: =(Table619[[#This Row],[Baseline]]-Table619[[#This Row],[DQN]])/Table619[[#This Row],[Baseline]] -> 0.73166667 | H8: ='IHC ELV'!E$40+'UBC ELV'!E$40 -> 189 | I8: =(Table619[[#This Row],[Baseline]]-Table619[[#This Row],[ELV]])/E8 -> 0.685 | J8: ='IHC CRP'!E$40+'UBC CRP'!E$40 -> 190 | K8: =(Table619[[#This Row],[Baseline]]-Table619[[#This Row],[CRP]])/Table619[[#This Row],[Baseline]] -> 0.68333333 | L8: =Table619[[#This Row],[Delta - Baseline ]]-Table619[[#This Row],[Delta - Baseline]] -> -0.0016666667 | M8: =Table619[[#This Row],[Delta - Baseline ]]-Table619[[#This Row],[Delta-Baseline]] -> -0.048333333 | Q8: Producer | R8: =AVERAGE(E8,E16,E24,E32,E40,E48,E56,E64,E72,E80) -> 600 | S8: ='Totals DQN'!AD38 -> 161 | T8: =(Table118[[#This Row],[Baseline]]-Table118[[#This Row],[DQN]])/Table118[[#This Row],[Baseline]] -> 0.73166667 | U8: =AVERAGE(H8,H16,H24,H32,H40,H48,H56,H64,H72,H80) -> 181.1 | V8: =_xlfn.STDEV.S(H8,H16,H24,H32,H40,H48,H56,H64,H72,H80) -> 7.7452494 | W8: =(R8-U8)/R8 -> 0.69816667 | X8: =AVERAGE(J8,J16,J24,J32,J40,J48,J56,J64,J72,J80) -> 184.3 | Y8: =_xlfn.STDEV.S(J8,J16,J24,J32,J40,J48,J56,HK64,J72,J80) -> 9.1035707 | Z8: =(R8-X8)/R8 -> 0.69283333 | AA8: =Z8-Table118[[#This Row],[BL - ELV]] -> -0.0053333333 | AB8: =Table118[[#This Row],[BL - CRP]]-Table118[[#This Row],[BL-DQN]] -> -0.038833333
C10: Run2
A11: Sim 2 | C11: Echelon | D11: Cost Type | E11: Baseline | F11: DQN | G11: Delta-Baseline | H11: ELV | I11: Delta - Baseline | J11: CRP | K11: Delta - Baseline | L11: Delta - ELV | M11: Delta - DQN
C12: Run 2 | D12: Total Costs | E12: =SUM(E13:E16) -> 2286 | F12: 788.5 | G12: =(Table720[[#This Row],[Baseline]]-Table720[[#This Row],[DQN]])/Table720[[#This Row],[Baseline]] -> 0.65507437 | H12: =SUM(H13:H16) -> 958 | I12: =(E12-H12)/E12 -> 0.58092738 | J12: =SUM(J13:J16) -> 872.5 | K12: =(E12-J12)/E12 -> 0.61832896 | L12: =K12-I12 -> 0.037401575 | M12: =Table720[[#This Row],[Delta-Baseline]]-Table720[[#This Row],[Delta - Baseline ]] -> 0.036745407
C13: Retailer | D13: Total Costs | E13: ='IHC Baseline'!G$40+'UBC Baseline'!G$40 -> 634 | F13: 118 | G13: =(Table720[[#This Row],[Baseline]]-Table720[[#This Row],[DQN]])/Table720[[#This Row],[Baseline]] -> 0.81388013 | H13: ='IHC ELV'!G$40+'UBC ELV'!G$40 -> 181.5 | I13: =(E13-H13)/E13 -> 0.7137224 | J13: ='IHC CRP'!G$40+'UBC CRP'!G$40 -> 189.5 | K13: =(E13-J13)/E13 -> 0.7011041 | L13: =K13-I13 -> -0.012618297 | M13: =Table720[[#This Row],[Delta-Baseline]]-Table720[[#This Row],[Delta - Baseline ]] -> 0.11277603
C14: Wholesaler | D14: Total Costs | E14: ='IHC Baseline'!H$40+'UBC Baseline'!H$40 -> 535.5 | F14: 212.5 | G14: =(Table720[[#This Row],[Baseline]]-Table720[[#This Row],[DQN]])/Table720[[#This Row],[Baseline]] -> 0.6031746 | H14: ='IHC ELV'!H$40+'UBC ELV'!H$40 -> 374.5 | I14: =(E14-H14)/E14 -> 0.30065359 | J14: ='IHC CRP'!H$40+'UBC CRP'!H$40 -> 269 | K14: =(E14-J14)/E14 -> 0.49766573 | L14: =K14-I14 -> 0.19701214 | M14: =Table720[[#This Row],[Delta-Baseline]]-Table720[[#This Row],[Delta - Baseline ]] -> 0.10550887
C15: Distributor | D15: Total Costs | E15: ='IHC Baseline'!I$40+'UBC Baseline'!I$40 -> 516.5 | F15: 297 | G15: =(Table720[[#This Row],[Baseline]]-Table720[[#This Row],[DQN]])/Table720[[#This Row],[Baseline]] -> 0.4249758 | H15: ='IHC ELV'!I$40+'UBC ELV'!I$40 -> 219 | I15: =(E15-H15)/E15 -> 0.57599226 | J15: ='IHC CRP'!I$40+'UBC CRP'!I$40 -> 227.5 | K15: =(E15-J15)/E15 -> 0.55953533 | L15: =K15-I15 -> -0.016456922 | M15: =Table720[[#This Row],[Delta-Baseline]]-Table720[[#This Row],[Delta - Baseline ]] -> -0.13455954
C16: Producer | D16: Total Costs | E16: ='IHC Baseline'!J$40+'UBC Baseline'!J$40 -> 600 | F16: 161 | G16: =(Table720[[#This Row],[Baseline]]-Table720[[#This Row],[DQN]])/Table720[[#This Row],[Baseline]] -> 0.73166667 | H16: ='IHC ELV'!J$40+'UBC ELV'!J$40 -> 183 | I16: =(E16-H16)/E16 -> 0.695 | J16: ='IHC CRP'!J$40+'UBC CRP'!J$40 -> 186.5 | K16: =(E16-J16)/E16 -> 0.68916667 | L16: =K16-I16 -> -0.0058333333 | M16: =Table720[[#This Row],[Delta-Baseline]]-Table720[[#This Row],[Delta - Baseline ]] -> 0.0425
C18: Run 3
A19: Sim 3 | C19: Echelon | D19: Cost Type | E19: Baseline | H19: ELV | I19: Delta - Baseline | J19: CRP | K19: Delta - Baseline | L19: Delta - ELV | M19: Delta - DQN
C20: Run 3 | D20: Total Costs | E20: =SUM(E21:E24) -> 2286 | F20: 788.5 | G20: =(E20-F20)/E20 -> 0.65507437 | H20: =SUM(H21:H24) -> 936 | I20: =(E20-H20)/E20 -> 0.59055118 | J20: =SUM(J21:J24) -> 801.5 | K20: =(E20-J20)/E20 -> 0.64938758 | L20: =K20-I20 -> 0.058836395 | M20: =G20-K20 -> 0.0056867892
C21: Retailer | D21: Total Costs | E21: ='IHC Baseline'!L$40+'UBC Baseline'!L$40 -> 634 | F21: 118 | G21: =(E21-F21)/E21 -> 0.81388013 | H21: ='IHC ELV'!L$40+'UBC ELV'!L$40 -> 182 | I21: =(E21-H21)/E21 -> 0.71293375 | J21: ='IHC CRP'!L$40+'UBC CRP'!L$40 -> 181.5 | K21: =(E21-J21)/E21 -> 0.7137224 | L21: =K21-I21 -> 0.00078864353 | M21: =G21-K21 -> 0.10015773
C22: Wholesaler | D22: Total Costs | E22: ='IHC Baseline'!M$40+'UBC Baseline'!M$40 -> 535.5 | F22: 212.5 | G22: =(E22-F22)/E22 -> 0.6031746 | H22: ='IHC ELV'!M$40+'UBC ELV'!M$40 -> 350 | I22: =(E22-H22)/E22 -> 0.34640523 | J22: ='IHC CRP'!M$40+'UBC CRP'!M$40 -> 208.5 | K22: =(E22-J22)/E22 -> 0.61064426 | L22: =K22-I22 -> 0.26423903 | M22: =G22-K22 -> -0.0074696545
C23: Distributor | D23: Total Costs | E23: ='IHC Baseline'!N$40+'UBC Baseline'!N$40 -> 516.5 | F23: 297 | G23: =(E23-F23)/E23 -> 0.4249758 | H23: ='IHC ELV'!N$40+'UBC ELV'!N$40 -> 220.5 | I23: =(E23-H23)/E23 -> 0.57308809 | J23: ='IHC CRP'!N$40+'UBC CRP'!N$40 -> 226.5 | K23: =(E23-J23)/E23 -> 0.56147144 | L23: =K23-I23 -> -0.011616651 | M23: =G23-K23 -> -0.13649564
C24: Producer | D24: Total Costs | E24: ='IHC Baseline'!O$40+'UBC Baseline'!O$40 -> 600 | F24: 161 | G24: =(E24-F24)/E24 -> 0.73166667 | H24: ='IHC ELV'!O$40+'UBC ELV'!O$40 -> 183.5 | I24: =(E24-H24)/E24 -> 0.69416667 | J24: ='IHC CRP'!O$40+'UBC CRP'!O$40 -> 185 | K24: =(E24-J24)/E24 -> 0.69166667 | L24: =K24-I24 -> -0.0025 | M24: =G24-K24 -> 0.04
C26: Run 4
A27: Sim 4 | C27: Echelon | D27: Cost Type | E27: Baseline | H27: ELV | I27: Delta - Baseline | J27: CRP | K27: Delta - Baseline | L27: Delta - ELV | M27: Delta - DQN
C28: Run 4 | D28: Total Costs | E28: =SUM(E29:E32) -> 2286 | F28: 788.5 | G28: =(E28-F28)/E28 -> 0.65507437 | H28: =SUM(H29:H32) -> 847.5 | I28: =(E28-H28)/E28 -> 0.62926509 | J28: =SUM(J29:J32) -> 863 | K28: =(E28-J28)/E28 -> 0.62248469 | L28: =K28-I28 -> -0.0067804024 | M28: =G28-K28 -> 0.032589676
C29: Retailer | D29: Total Costs | E29: ='IHC Baseline'!Q$40+'UBC Baseline'!Q$40 -> 634 | F29: 118 | G29: =(E29-F29)/E29 -> 0.81388013 | H29: ='IHC ELV'!Q$40+'UBC ELV'!Q$40 -> 202 | I29: =(E29-H29)/E29 -> 0.68138801 | J29: ='IHC CRP'!Q$40+'UBC CRP'!Q$40 -> 183 | K29: =(E29-J29)/E29 -> 0.71135647 | L29: =K29-I29 -> 0.029968454 | M29: =G29-K29 -> 0.10252366
C30: Wholesaler | D30: Total Costs | E30: ='IHC Baseline'!R$40+'UBC Baseline'!R$40 -> 535.5 | F30: 212.5 | G30: =(E30-F30)/E30 -> 0.6031746 | H30: ='IHC ELV'!R$40+'UBC ELV'!R$40 -> 238 | I30: =(E30-H30)/E30 -> 0.55555556 | J30: ='IHC CRP'!R$40+'UBC CRP'!R$40 -> 265 | K30: =(E30-J30)/E30 -> 0.50513539 | L30: =K30-I30 -> -0.050420168 | M30: =G30-K30 -> 0.098039216
C31: Distributor | D31: Total Costs | E31: ='IHC Baseline'!S$40+'UBC Baseline'!S$40 -> 516.5 | F31: 297 | G31: =(E31-F31)/E31 -> 0.4249758 | H31: ='IHC ELV'!S$40+'UBC ELV'!S$40 -> 220.5 | I31: =(E31-H31)/E31 -> 0.57308809 | J31: ='IHC CRP'!S$40+'UBC CRP'!S$40 -> 232.5 | K31: =(E31-J31)/E31 -> 0.54985479 | L31: =K31-I31 -> -0.023233301 | M31: =G31-K31 -> -0.12487899
C32: Producer | D32: Total Costs | E32: ='IHC Baseline'!T$40+'UBC Baseline'!T$40 -> 600 | F32: 161 | G32: =(E32-F32)/E32 -> 0.73166667 | H32: ='IHC ELV'!T$40+'UBC ELV'!T$40 -> 187 | I32: =(E32-H32)/E32 -> 0.68833333 | J32: ='IHC CRP'!T$40+'UBC CRP'!T$40 -> 182.5 | K32: =(E32-J32)/E32 -> 0.69583333 | L32: =K32-I32 -> 0.0075 | M32: =G32-K32 -> 0.035833333
C34: Run 5
A35: Sim 5 | C35: Echelon | D35: Cost Type | E35: Baseline | H35: ELV | I35: Delta - Baseline | J35: CRP | K35: Delta - Baseline | L35: Delta - ELV | M35: Delta - DQN
C36: Run 5 | D36: Total Costs | E36: =SUM(E37:E40) -> 2286 | F36: 788.5 | G36: =(E36-F36)/E36 -> 0.65507437 | H36: =SUM(H37:H40) -> 764.5 | I36: =(E36-H36)/E36 -> 0.66557305 | J36: =SUM(J37:J40) -> 865.5 | K36: =(E36-J36)/E36 -> 0.62139108 | L36: =K36-I36 -> -0.044181977 | M36: =G36-K36 -> 0.03368329
C37: Retailer | D37: Total Costs | E37: ='IHC Baseline'!V$40+'UBC Baseline'!V$40 -> 634 | F37: 118 | G37: =(E37-F37)/E37 -> 0.81388013 | H37: ='IHC ELV'!V$40+'UBC ELV'!V$40 -> 207.5 | I37: =(E37-H37)/E37 -> 0.67271293 | J37: ='IHC CRP'!V$40+'UBC CRP'!V$40 -> 185 | K37: =(E37-J37)/E37 -> 0.70820189 | L37: =K37-I37 -> 0.035488959 | M37: =G37-K37 -> 0.10567823
C38: Wholesaler | D38: Total Costs | E38: ='IHC Baseline'!W$40+'UBC Baseline'!W$40 -> 535.5 | F38: 212.5 | G38: =(E38-F38)/E38 -> 0.6031746 | H38: ='IHC ELV'!W$40+'UBC ELV'!W$40 -> 190 | I38: =(E38-H38)/E38 -> 0.64519141 | J38: ='IHC CRP'!W$40+'UBC CRP'!W$40 -> 267.5 | K38: =(E38-J38)/E38 -> 0.50046685 | L38: =K38-I38 -> -0.14472456 | M38: =G38-K38 -> 0.10270775
C39: Distributor | D39: Total Costs | E39: ='IHC Baseline'!X$40+'UBC Baseline'!X$40 -> 516.5 | F39: 297 | G39: =(E39-F39)/E39 -> 0.4249758 | H39: ='IHC ELV'!X$40+'UBC ELV'!X$40 -> 177.5 | I39: =(E39-H39)/E39 -> 0.65634076 | J39: ='IHC CRP'!X$40+'UBC CRP'!X$40 -> 220 | K39: =(E39-J39)/E39 -> 0.57405615 | L39: =K39-I39 -> -0.082284608 | M39: =G39-K39 -> -0.14908035
C40: Producer | D40: Total Costs | E40: ='IHC Baseline'!Y$40+'UBC Baseline'!Y$40 -> 600 | F40: 161 | G40: =(E40-F40)/E40 -> 0.73166667 | H40: ='IHC ELV'!Y$40+'UBC ELV'!Y$40 -> 189.5 | I40: =(E40-H40)/E40 -> 0.68416667 | J40: ='IHC CRP'!Y$40+'UBC CRP'!Y$40 -> 193 | K40: =(E40-J40)/E40 -> 0.67833333 | L40: =K40-I40 -> -0.0058333333 | M40: =G40-K40 -> 0.053333333
C42: Run 6
A43: Sim 6 | C43: Echelon | D43: Cost Type | E43: Baseline | H43: ELV | I43: Delta - Baseline | J43: CRP | K43: Delta - Baseline | L43: Delta - ELV | M43: Delta - DQN
C44: Run 6 | D44: Total Costs | E44: =SUM(E45:E48) -> 2286 | F44: 788.5 | G44: =(E44-F44)/E44 -> 0.65507437 | H44: =SUM(H45:H48) -> 914.5 | I44: =(E44-H44)/E44 -> 0.59995626 | J44: =SUM(J45:J48) -> 865.5 | K44: =(E44-J44)/E44 -> 0.62139108 | L44: =K44-I44 -> 0.021434821 | M44: =G44-K44 -> 0.03368329
C45: Retailer | D45: Total Costs | E45: ='IHC Baseline'!AA$40+'UBC Baseline'!AA$40 -> 634 | F45: 118 | G45: =(E45-F45)/E45 -> 0.81388013 | H45: ='IHC ELV'!AA$40+'UBC ELV'!AA$40 -> 201.5 | I45: =(E45-H45)/E45 -> 0.68217666 | J45: ='IHC CRP'!AA$40+'UBC CRP'!AA$40 -> 185 | K45: =(E45-J45)/E45 -> 0.70820189 | L45: =K45-I45 -> 0.026025237 | M45: =G45-K45 -> 0.10567823
C46: Wholesaler | D46: Total Costs | E46: ='IHC Baseline'!AB$40+'UBC Baseline'!AB$40 -> 535.5 | F46: 212.5 | G46: =(E46-F46)/E46 -> 0.6031746 | H46: ='IHC ELV'!AB$40+'UBC ELV'!AB$40 -> 304.5 | I46: =(E46-H46)/E46 -> 0.43137255 | J46: ='IHC CRP'!AB$40+'UBC CRP'!AB$40 -> 267.5 | K46: =(E46-J46)/E46 -> 0.50046685 | L46: =K46-I46 -> 0.069094304 | M46: =G46-K46 -> 0.10270775
C47: Distributor | D47: Total Costs | E47: ='IHC Baseline'!AC$40+'UBC Baseline'!AC$40 -> 516.5 | F47: 297 | G47: =(E47-F47)/E47 -> 0.4249758 | H47: ='IHC ELV'!AC$40+'UBC ELV'!AC$40 -> 227.5 | I47: =(E47-H47)/E47 -> 0.55953533 | J47: ='IHC CRP'!AC$40+'UBC CRP'!AC$40 -> 220 | K47: =(E47-J47)/E47 -> 0.57405615 | L47: =K47-I47 -> 0.014520813 | M47: =G47-K47 -> -0.14908035
C48: Producer | D48: Total Costs | E48: ='IHC Baseline'!AD$40+'UBC Baseline'!AD$40 -> 600 | F48: 161 | G48: =(E48-F48)/E48 -> 0.73166667 | H48: ='IHC ELV'!AD$40+'UBC ELV'!AD$40 -> 181 | I48: =(E48-H48)/E48 -> 0.69833333 | J48: ='IHC CRP'!AD$40+'UBC CRP'!AD$40 -> 193 | K48: =(E48-J48)/E48 -> 0.67833333 | L48: =K48-I48 -> -0.02 | M48: =G48-K48 -> 0.053333333
C50: Run 7
A51: Sim 7 | C51: Echelon | D51: Cost Type | E51: Baseline | H51: ELV | I51: Delta - Baseline | J51: CRP | K51: Delta - Baseline | L51: Delta - ELV | M51: Delta - DQN
C52: Run 7 | D52: Total Costs | E52: =SUM(E53:E56) -> 2286 | F52: 788.5 | G52: =(E52-F52)/E52 -> 0.65507437 | H52: =SUM(H53:H56) -> 907.5 | I52: =(E52-H52)/E52 -> 0.60301837 | J52: =SUM(J53:J56) -> 1018 | K52: =(E52-J52)/E52 -> 0.55468066 | L52: =K52-I52 -> -0.048337708 | M52: =G52-K52 -> 0.1003937
C53: Retailer | D53: Total Costs | E53: ='IHC Baseline'!AF$40+'UBC Baseline'!AF$40 -> 634 | F53: 118 | G53: =(E53-F53)/E53 -> 0.81388013 | H53: ='IHC ELV'!AF$40+'UBC ELV'!AF$40 -> 203.5 | I53: =(E53-H53)/E53 -> 0.67902208 | J53: ='IHC CRP'!AF$40+'UBC CRP'!AF$40 -> 184 | K53: =(E53-J53)/E53 -> 0.70977918 | L53: =K53-I53 -> 0.030757098 | M53: =G53-K53 -> 0.10410095
C54: Wholesaler | D54: Total Costs | E54: ='IHC Baseline'!AG$40+'UBC Baseline'!AG$40 -> 535.5 | F54: 212.5 | G54: =(E54-F54)/E54 -> 0.6031746 | H54: ='IHC ELV'!AG$40+'UBC ELV'!AG$40 -> 289 | I54: =(E54-H54)/E54 -> 0.46031746 | J54: ='IHC CRP'!AG$40+'UBC CRP'!AG$40 -> 423.5 | K54: =(E54-J54)/E54 -> 0.20915033 | L54: =K54-I54 -> -0.25116713 | M54: =G54-K54 -> 0.39402428
C55: Distributor | D55: Total Costs | E55: ='IHC Baseline'!AH$40+'UBC Baseline'!AH$40 -> 516.5 | F55: 297 | G55: =(E55-F55)/E55 -> 0.4249758 | H55: ='IHC ELV'!AH$40+'UBC ELV'!AH$40 -> 229 | I55: =(E55-H55)/E55 -> 0.55663117 | J55: ='IHC CRP'!AH$40+'UBC CRP'!AH$40 -> 220.5 | K55: =(E55-J55)/E55 -> 0.57308809 | L55: =K55-I55 -> 0.016456922 | M55: =G55-K55 -> -0.14811229
C56: Producer | D56: Total Costs | E56: ='IHC Baseline'!AI$40+'UBC Baseline'!AI$40 -> 600 | F56: 161 | G56: =(E56-F56)/E56 -> 0.73166667 | H56: ='IHC ELV'!AI$40+'UBC ELV'!AI$40 -> 186 | I56: =(E56-H56)/E56 -> 0.69 | J56: ='IHC CRP'!AI$40+'UBC CRP'!AI$40 -> 190 | K56: =(E56-J56)/E56 -> 0.68333333 | L56: =K56-I56 -> -0.0066666667 | M56: =G56-K56 -> 0.048333333
C58: Run 8
A59: Sim 8 | C59: Echelon | D59: Cost Type | E59: Baseline | H59: ELV | I59: Delta - Baseline | J59: CRP | K59: Delta - Baseline | L59: Delta - ELV | M59: Delta - DQN
C60: Run 8 | D60: Total Costs | E60: =SUM(E61:E64) -> 2286 | F60: 788.5 | G60: =(E60-F60)/E60 -> 0.65507437 | H60: =SUM(H61:H64) -> 725.5 | I60: =(E60-H60)/E60 -> 0.68263342 | J60: =SUM(J61:J64) -> 807.5 | K60: =(E60-J60)/E60 -> 0.6467629 | L60: =K60-I60 -> -0.035870516 | M60: =G60-K60 -> 0.0083114611
C61: Retailer | D61: Total Costs | E61: ='IHC Baseline'!AK$40+'UBC Baseline'!AK$40 -> 634 | F61: 118 | G61: =(E61-F61)/E61 -> 0.81388013 | H61: ='IHC ELV'!AK$40+'UBC ELV'!AK$40 -> 191 | I61: =(E61-H61)/E61 -> 0.69873817 | J61: ='IHC CRP'!AK$40+'UBC CRP'!AK$40 -> 190 | K61: =(E61-J61)/E61 -> 0.70031546 | L61: =K61-I61 -> 0.0015772871 | M61: =G61-K61 -> 0.11356467
C62: Wholesaler | D62: Total Costs | E62: ='IHC Baseline'!AL$40+'UBC Baseline'!AL$40 -> 535.5 | F62: 212.5 | G62: =(E62-F62)/E62 -> 0.6031746 | H62: ='IHC ELV'!AL$40+'UBC ELV'!AL$40 -> 190 | I62: =(E62-H62)/E62 -> 0.64519141 | J62: ='IHC CRP'!AL$40+'UBC CRP'!AL$40 -> 213 | K62: =(E62-J62)/E62 -> 0.6022409 | L62: =K62-I62 -> -0.042950514 | M62: =G62-K62 -> 0.00093370682
C63: Distributor | D63: Total Costs | E63: ='IHC Baseline'!AM$40+'UBC Baseline'!AM$40 -> 516.5 | F63: 297 | G63: =(E63-F63)/E63 -> 0.4249758 | H63: ='IHC ELV'!AM$40+'UBC ELV'!AM$40 -> 175 | I63: =(E63-H63)/E63 -> 0.66118103 | J63: ='IHC CRP'!AM$40+'UBC CRP'!AM$40 -> 220.5 | K63: =(E63-J63)/E63 -> 0.57308809 | L63: =K63-I63 -> -0.088092933 | M63: =G63-K63 -> -0.14811229
C64: Producer | D64: Total Costs | E64: ='IHC Baseline'!AN$40+'UBC Baseline'!AN$40 -> 600 | F64: 161 | G64: =(E64-F64)/E64 -> 0.73166667 | H64: ='IHC ELV'!AN$40+'UBC ELV'!AN$40 -> 169.5 | I64: =(E64-H64)/E64 -> 0.7175 | J64: ='IHC CRP'!AN$40+'UBC CRP'!AN$40 -> 184 | K64: =(E64-J64)/E64 -> 0.69333333 | L64: =K64-I64 -> -0.024166667 | M64: =G64-K64 -> 0.038333333
C66: Run 9
A67: Sim 9 | C67: Echelon | D67: Cost Type | E67: Baseline | H67: ELV | I67: Delta - Baseline | J67: CRP | K67: Delta - Baseline | L67: Delta - ELV | M67: Delta - DQN
C68: Run 9 | D68: Total Costs | E68: =SUM(E69:E72) -> 2286 | F68: 788.5 | G68: =(E68-F68)/E68 -> 0.65507437 | H68: =SUM(H69:H72) -> 905.5 | I68: =(E68-H68)/E68 -> 0.60389326 | J68: =SUM(J69:J72) -> 725.5 | K68: =(E68-J68)/E68 -> 0.68263342 | L68: =K68-I68 -> 0.078740157 | M68: =G68-K68 -> -0.027559055
C69: Retailer | D69: Total Costs | E69: ='IHC Baseline'!AP$40+'UBC Baseline'!AP$40 -> 634 | F69: 118 | G69: =(E69-F69)/E69 -> 0.81388013 | H69: ='IHC ELV'!AP$40+'UBC ELV'!AP$40 -> 153 | I69: =(E69-H69)/E69 -> 0.75867508 | J69: ='IHC CRP'!AP$40+'UBC CRP'!AP$40 -> 191 | K69: =(E69-J69)/E69 -> 0.69873817 | L69: =K69-I69 -> -0.059936909 | M69: =G69-K69 -> 0.11514196
C70: Wholesaler | D70: Total Costs | E70: ='IHC Baseline'!AQ$40+'UBC Baseline'!AQ$40 -> 535.5 | F70: 212.5 | G70: =(E70-F70)/E70 -> 0.6031746 | H70: ='IHC ELV'!AQ$40+'UBC ELV'!AQ$40 -> 352.5 | I70: =(E70-H70)/E70 -> 0.34173669 | J70: ='IHC CRP'!AQ$40+'UBC CRP'!AQ$40 -> 190 | K70: =(E70-J70)/E70 -> 0.64519141 | L70: =K70-I70 -> 0.30345472 | M70: =G70-K70 -> -0.042016807
C71: Distributor | D71: Total Costs | E71: ='IHC Baseline'!AR$40+'UBC Baseline'!AR$40 -> 516.5 | F71: 297 | G71: =(E71-F71)/E71 -> 0.4249758 | H71: ='IHC ELV'!AR$40+'UBC ELV'!AR$40 -> 226.5 | I71: =(E71-H71)/E71 -> 0.56147144 | J71: ='IHC CRP'!AR$40+'UBC CRP'!AR$40 -> 175 | K71: =(E71-J71)/E71 -> 0.66118103 | L71: =K71-I71 -> 0.099709584 | M71: =G71-K71 -> -0.23620523
C72: Producer | D72: Total Costs | E72: ='IHC Baseline'!AS$40+'UBC Baseline'!AS$40 -> 600 | F72: 161 | G72: =(E72-F72)/E72 -> 0.73166667 | H72: ='IHC ELV'!AS$40+'UBC ELV'!AS$40 -> 173.5 | I72: =(E72-H72)/E72 -> 0.71083333 | J72: ='IHC CRP'!AS$40+'UBC CRP'!AS$40 -> 169.5 | K72: =(E72-J72)/E72 -> 0.7175 | L72: =K72-I72 -> 0.0066666667 | M72: =G72-K72 -> 0.014166667
C74: Run 10
C75: Echelon | D75: Cost Type | E75: Baseline | H75: ELV | I75: Delta - Baseline | J75: CRP | K75: Delta - Baseline | L75: Delta - ELV | M75: Delta - DQN
A76: Sim 10 | C76: Run 10 | D76: Total Costs | E76: =SUM(E77:E80) -> 2286 | F76: 788.5 | G76: =(E76-F76)/E76 -> 0.65507437 | H76: =SUM(H77:H80) -> 1121.5 | I76: =(E76-H76)/E76 -> 0.50940507 | J76: =SUM(J77:J80) -> 852.5 | K76: =(E76-J76)/E76 -> 0.62707787 | L76: =K76-I76 -> 0.11767279 | M76: =G76-K76 -> 0.0279965
C77: Retailer | D77: Total Costs | E77: ='IHC Baseline'!AU$40+'UBC Baseline'!AU$40 -> 634 | F77: 118 | G77: =(E77-F77)/E77 -> 0.81388013 | H77: ='IHC ELV'!AU$40+'UBC ELV'!AU$40 -> 242.5 | I77: =(E77-H77)/E77 -> 0.61750789 | J77: ='IHC CRP'!AU$40+'UBC CRP'!AU$40 -> 200 | K77: =(E77-J77)/E77 -> 0.68454259 | L77: =K77-I77 -> 0.0670347 | M77: =G77-K77 -> 0.12933754
C78: Wholesaler | D78: Total Costs | E78: ='IHC Baseline'!AV$40+'UBC Baseline'!AV$40 -> 535.5 | F78: 212.5 | G78: =(E78-F78)/E78 -> 0.6031746 | H78: ='IHC ELV'!AV$40+'UBC ELV'!AV$40 -> 490 | I78: =(E78-H78)/E78 -> 0.08496732 | J78: ='IHC CRP'!AV$40+'UBC CRP'!AV$40 -> 308 | K78: =(E78-J78)/E78 -> 0.4248366 | L78: =K78-I78 -> 0.33986928 | M78: =G78-K78 -> 0.178338
C79: Distributor | D79: Total Costs | E79: ='IHC Baseline'!AW$40+'UBC Baseline'!AW$40 -> 516.5 | F79: 297 | G79: =(E79-F79)/E79 -> 0.4249758 | H79: ='IHC ELV'!AW$40+'UBC ELV'!AW$40 -> 220 | I79: =(E79-H79)/E79 -> 0.57405615 | J79: ='IHC CRP'!AW$40+'UBC CRP'!AW$40 -> 175 | K79: =(E79-J79)/E79 -> 0.66118103 | L79: =K79-I79 -> 0.087124879 | M79: =G79-K79 -> -0.23620523
C80: Producer | D80: Total Costs | E80: ='IHC Baseline'!AX$40+'UBC Baseline'!AX$40 -> 600 | F80: 161 | G80: =(E80-F80)/E80 -> 0.73166667 | H80: ='IHC ELV'!AX$40+'UBC ELV'!AX$40 -> 169 | I80: =(E80-H80)/E80 -> 0.71833333 | J80: ='IHC CRP'!AX$40+'UBC CRP'!AX$40 -> 169.5 | K80: =(E80-J80)/E80 -> 0.7175 | L80: =K80-I80 -> -0.00083333333 | M80: =G80-K80 -> 0.014166667

Sheet Graphs Total

Sheet Totals All
A1: t | B1: I Baseline | C1: I ELV | D1: I CRP | E1: I DQN | F1: t | G1: B Baseline | H1: B ELV | I1: B CRP | J1: B DQN | K1: t | L1: O Baseline | M1: O ELV | N1: O CRP | O1: O DQN | P1: t | Q1: IHC Baseline | R1: IHC ELV | S1: IHC CRP | T1: IHC DQN | U1: t | V1: UBC Baseline | W1: UBC ELV | X1: UBC CRP | Y1: UBC DQN | Z1: t | AA1: TC Baseline | AB1: TC ELV | AC1: TC CRP | AD1: TC DQN
A2: 0 | B2: =SUM('Totals Baseline'!B2:E2) -> 48 | C2: =SUM('Totals ELV'!B2:E2) -> 48 | D2: =SUM('Totals CRP'!B2:E2) -> 48 | E2: =SUM('Totals DQN'!B2:E2) -> 48 | F2: 0 | G2: =SUM('Totals Baseline'!G2:J2) -> 0 | H2: =SUM('Totals ELV'!G2:J2) -> 0 | I2: =SUM('Totals CRP'!G2:J2) -> 0 | J2: =SUM('Totals DQN'!G2:J2) -> 0 | K2: 0 | L2: =SUM('Totals Baseline'!L2:O2) -> 0 | M2: =SUM('Totals ELV'!L2:O2) -> 0 | N2: =SUM('Totals CRP'!L2:O2) -> 0 | O2: =SUM('Totals DQN'!L2:O2) -> 0 | P2: 0 | Q2: =ROUND(SUM('Totals Baseline'!Q2:T2),0) -> 0 | R2: =ROUND(SUM('Totals ELV'!Q2:T2),0) -> 0 | S2: =ROUND(SUM('Totals CRP'!Q2:T2),0) -> 0 | T2: =ROUND(SUM('Totals DQN'!Q2:T2),0) -> 0 | U2: 0 | V2: =ROUND(SUM('Totals Baseline'!V2:Y2),0) -> 0 | W2: =ROUND(SUM('Totals ELV'!V2:Y2),0) -> 0 | X2: =ROUND(SUM('Totals CRP'!V2:Y2),0) -> 0 | Y2: =ROUND(SUM('Totals DQN'!V2:Y2),0) -> 0 | Z2: 0 | AA2: =SUM('Totals Baseline'!AA2:AD2) -> 0 | AB2: =SUM('Totals ELV'!AA2:AD2) -> 0 | AC2: =SUM('Totals CRP'!AA2:AD2) -> 0 | AD2: =SUM('Totals DQN'!AA2:AD2) -> 0
A3: 1 | B3: =SUM('Totals Baseline'!B3:E3) -> 48 | C3: =SUM('Totals ELV'!B3:E3) -> 48 | D3: =SUM('Totals CRP'!B3:E3) -> 48 | E3: =SUM('Totals DQN'!B3:E3) -> 48 | F3: 1 | G3: =SUM('Totals Baseline'!G3:J3) -> 0 | H3: =SUM('Totals ELV'!G3:J3) -> 0 | I3: =SUM('Totals CRP'!G3:J3) -> 0 | J3: =SUM('Totals DQN'!G3:J3) -> 0 | K3: 1 | L3: =SUM('Totals Baseline'!L3:O3) -> 16 | M3: =SUM('Totals ELV'!L3:O3) -> 16 | N3: =SUM('Totals CRP'!L3:O3) -> 16 | O3: =SUM('Totals DQN'!L3:O3) -> 18 | P3: 1 | Q3: =ROUND(SUM('Totals Baseline'!Q3:T3),0) -> 24 | R3: =ROUND(SUM('Totals ELV'!Q3:T3),0) -> 24 | S3: =ROUND(SUM('Totals CRP'!Q3:T3),0) -> 24 | T3: =ROUND(SUM('Totals DQN'!Q3:T3),0) -> 24 | U3: 1 | V3: =ROUND(SUM('Totals Baseline'!V3:Y3),0) -> 0 | W3: =ROUND(SUM('Totals ELV'!V3:Y3),0) -> 0 | X3: =ROUND(SUM('Totals CRP'!V3:Y3),0) -> 0 | Y3: =ROUND(SUM('Totals DQN'!V3:Y3),0) -> 0 | Z3: 1 | AA3: =SUM('Totals Baseline'!AA3:AD3) -> 24 | AB3: =SUM('Totals ELV'!AA3:AD3) -> 24 | AC3: =SUM('Totals CRP'!AA3:AD3) -> 24 | AD3: =SUM('Totals DQN'!AA3:AD3) -> 24
A4: 2 | B4: =SUM('Totals Baseline'!B4:E4) -> 48 | C4: =SUM('Totals ELV'!B4:E4) -> 68 | D4: =SUM('Totals CRP'!B4:E4) -> 59.6 | E4: =SUM('Totals DQN'!B4:E4) -> 32 | F4: 2 | G4: =SUM('Totals Baseline'!G4:J4) -> 0 | H4: =SUM('Totals ELV'!G4:J4) -> 0 | I4: =SUM('Totals CRP'!G4:J4) -> 0 | J4: =SUM('Totals DQN'!G4:J4) -> 0 | K4: 2 | L4: =SUM('Totals Baseline'!L4:O4) -> 16 | M4: =SUM('Totals ELV'!L4:O4) -> 16 | N4: =SUM('Totals CRP'!L4:O4) -> 16 | O4: =SUM('Totals DQN'!L4:O4) -> 26 | P4: 2 | Q4: =ROUND(SUM('Totals Baseline'!Q4:T4),0) -> 24 | R4: =ROUND(SUM('Totals ELV'!Q4:T4),0) -> 29 | S4: =ROUND(SUM('Totals CRP'!Q4:T4),0) -> 30 | T4: =ROUND(SUM('Totals DQN'!Q4:T4),0) -> 16 | U4: 2 | V4: =ROUND(SUM('Totals Baseline'!V4:Y4),0) -> 0 | W4: =ROUND(SUM('Totals ELV'!V4:Y4),0) -> 0 | X4: =ROUND(SUM('Totals CRP'!V4:Y4),0) -> 0 | Y4: =ROUND(SUM('Totals DQN'!V4:Y4),0) -> 0 | Z4: 2 | AA4: =SUM('Totals Baseline'!AA4:AD4) -> 48 | AB4: =SUM('Totals ELV'!AA4:AD4) -> 53.4 | AC4: =SUM('Totals CRP'!AA4:AD4) -> 53.8 | AD4: =SUM('Totals DQN'!AA4:AD4) -> 40
A5: 3 | B5: =SUM('Totals Baseline'!B5:E5) -> 48 | C5: =SUM('Totals ELV'!B5:E5) -> 48 | D5: =SUM('Totals CRP'!B5:E5) -> 51.2 | E5: =SUM('Totals DQN'!B5:E5) -> 16 | F5: 3 | G5: =SUM('Totals Baseline'!G5:J5) -> 0 | H5: =SUM('Totals ELV'!G5:J5) -> 0 | I5: =SUM('Totals CRP'!G5:J5) -> 0 | J5: =SUM('Totals DQN'!G5:J5) -> 0 | K5: 3 | L5: =SUM('Totals Baseline'!L5:O5) -> 16 | M5: =SUM('Totals ELV'!L5:O5) -> 16 | N5: =SUM('Totals CRP'!L5:O5) -> 16 | O5: =SUM('Totals DQN'!L5:O5) -> 34 | P5: 3 | Q5: =ROUND(SUM('Totals Baseline'!Q5:T5),0) -> 24 | R5: =ROUND(SUM('Totals ELV'!Q5:T5),0) -> 23 | S5: =ROUND(SUM('Totals CRP'!Q5:T5),0) -> 26 | T5: =ROUND(SUM('Totals DQN'!Q5:T5),0) -> 8 | U5: 3 | V5: =ROUND(SUM('Totals Baseline'!V5:Y5),0) -> 0 | W5: =ROUND(SUM('Totals ELV'!V5:Y5),0) -> 0 | X5: =ROUND(SUM('Totals CRP'!V5:Y5),0) -> 0 | Y5: =ROUND(SUM('Totals DQN'!V5:Y5),0) -> 0 | Z5: 3 | AA5: =SUM('Totals Baseline'!AA5:AD5) -> 72 | AB5: =SUM('Totals ELV'!AA5:AD5) -> 76.8 | AC5: =SUM('Totals CRP'!AA5:AD5) -> 79.4 | AD5: =SUM('Totals DQN'!AA5:AD5) -> 48
A6: 4 | B6: =SUM('Totals Baseline'!B6:E6) -> 48 | C6: =SUM('Totals ELV'!B6:E6) -> 48 | D6: =SUM('Totals CRP'!B6:E6) -> 44.4 | E6: =SUM('Totals DQN'!B6:E6) -> 10 | F6: 4 | G6: =SUM('Totals Baseline'!G6:J6) -> 0 | H6: =SUM('Totals ELV'!G6:J6) -> 0 | I6: =SUM('Totals CRP'!G6:J6) -> 0 | J6: =SUM('Totals DQN'!G6:J6) -> 0 | K6: 4 | L6: =SUM('Totals Baseline'!L6:O6) -> 16 | M6: =SUM('Totals ELV'!L6:O6) -> 16 | N6: =SUM('Totals CRP'!L6:O6) -> 16 | O6: =SUM('Totals DQN'!L6:O6) -> 39 | P6: 4 | Q6: =ROUND(SUM('Totals Baseline'!Q6:T6),0) -> 24 | R6: =ROUND(SUM('Totals ELV'!Q6:T6),0) -> 21 | S6: =ROUND(SUM('Totals CRP'!Q6:T6),0) -> 22 | T6: =ROUND(SUM('Totals DQN'!Q6:T6),0) -> 5 | U6: 4 | V6: =ROUND(SUM('Totals Baseline'!V6:Y6),0) -> 0 | W6: =ROUND(SUM('Totals ELV'!V6:Y6),0) -> 0 | X6: =ROUND(SUM('Totals CRP'!V6:Y6),0) -> 0 | Y6: =ROUND(SUM('Totals DQN'!V6:Y6),0) -> 0 | Z6: 4 | AA6: =SUM('Totals Baseline'!AA6:AD6) -> 96 | AB6: =SUM('Totals ELV'!AA6:AD6) -> 98 | AC6: =SUM('Totals CRP'!AA6:AD6) -> 101.6 | AD6: =SUM('Totals DQN'!AA6:AD6) -> 53
A7: 5 | B7: =SUM('Totals Baseline'!B7:E7) -> 44 | C7: =SUM('Totals ELV'!B7:E7) -> 44 | D7: =SUM('Totals CRP'!B7:E7) -> 43.2 | E7: =SUM('Totals DQN'!B7:E7) -> 8 | F7: 5 | G7: =SUM('Totals Baseline'!G7:J7) -> 0 | H7: =SUM('Totals ELV'!G7:J7) -> 0 | I7: =SUM('Totals CRP'!G7:J7) -> 0 | J7: =SUM('Totals DQN'!G7:J7) -> 5 | K7: 5 | L7: =SUM('Totals Baseline'!L7:O7) -> 20 | M7: =SUM('Totals ELV'!L7:O7) -> 20 | N7: =SUM('Totals CRP'!L7:O7) -> 20 | O7: =SUM('Totals DQN'!L7:O7) -> 46 | P7: 5 | Q7: =ROUND(SUM('Totals Baseline'!Q7:T7),0) -> 22 | R7: =ROUND(SUM('Totals ELV'!Q7:T7),0) -> 21 | S7: =ROUND(SUM('Totals CRP'!Q7:T7),0) -> 22 | T7: =ROUND(SUM('Totals DQN'!Q7:T7),0) -> 4 | U7: 5 | V7: =ROUND(SUM('Totals Baseline'!V7:Y7),0) -> 0 | W7: =ROUND(SUM('Totals ELV'!V7:Y7),0) -> 0 | X7: =ROUND(SUM('Totals CRP'!V7:Y7),0) -> 0 | Y7: =ROUND(SUM('Totals DQN'!V7:Y7),0) -> 5 | Z7: 5 | AA7: =SUM('Totals Baseline'!AA7:AD7) -> 118 | AB7: =SUM('Totals ELV'!AA7:AD7) -> 119.2 | AC7: =SUM('Totals CRP'!AA7:AD7) -> 123.2 | AD7: =SUM('Totals DQN'!AA7:AD7) -> 62
A8: 6 | B8: =SUM('Totals Baseline'!B8:E8) -> 40 | C8: =SUM('Totals ELV'!B8:E8) -> 44 | D8: =SUM('Totals CRP'!B8:E8) -> 42.8 | E8: =SUM('Totals DQN'!B8:E8) -> 5 | F8: 6 | G8: =SUM('Totals Baseline'!G8:J8) -> 0 | H8: =SUM('Totals ELV'!G8:J8) -> 0 | I8: =SUM('Totals CRP'!G8:J8) -> 0 | J8: =SUM('Totals DQN'!G8:J8) -> 7 | K8: 6 | L8: =SUM('Totals Baseline'!L8:O8) -> 12 | M8: =SUM('Totals ELV'!L8:O8) -> 14.8 | N8: =SUM('Totals CRP'!L8:O8) -> 15.7 | O8: =SUM('Totals DQN'!L8:O8) -> 49 | P8: 6 | Q8: =ROUND(SUM('Totals Baseline'!Q8:T8),0) -> 20 | R8: =ROUND(SUM('Totals ELV'!Q8:T8),0) -> 21 | S8: =ROUND(SUM('Totals CRP'!Q8:T8),0) -> 21 | T8: =ROUND(SUM('Totals DQN'!Q8:T8),0) -> 3 | U8: 6 | V8: =ROUND(SUM('Totals Baseline'!V8:Y8),0) -> 0 | W8: =ROUND(SUM('Totals ELV'!V8:Y8),0) -> 0 | X8: =ROUND(SUM('Totals CRP'!V8:Y8),0) -> 0 | Y8: =ROUND(SUM('Totals DQN'!V8:Y8),0) -> 7 | Z8: 6 | AA8: =SUM('Totals Baseline'!AA8:AD8) -> 138 | AB8: =SUM('Totals ELV'!AA8:AD8) -> 140.6 | AC8: =SUM('Totals CRP'!AA8:AD8) -> 144.6 | AD8: =SUM('Totals DQN'!AA8:AD8) -> 71.5
A9: 7 | B9: =SUM('Totals Baseline'!B9:E9) -> 44 | C9: =SUM('Totals ELV'!B9:E9) -> 53 | D9: =SUM('Totals CRP'!B9:E9) -> 47.7 | E9: =SUM('Totals DQN'!B9:E9) -> 3 | F9: 7 | G9: =SUM('Totals Baseline'!G9:J9) -> 0 | H9: =SUM('Totals ELV'!G9:J9) -> 0 | I9: =SUM('Totals CRP'!G9:J9) -> 0 | J9: =SUM('Totals DQN'!G9:J9) -> 10 | K9: 7 | L9: =SUM('Totals Baseline'!L9:O9) -> 16 | M9: =SUM('Totals ELV'!L9:O9) -> 18.6 | N9: =SUM('Totals CRP'!L9:O9) -> 17.6 | O9: =SUM('Totals DQN'!L9:O9) -> 51 | P9: 7 | Q9: =ROUND(SUM('Totals Baseline'!Q9:T9),0) -> 22 | R9: =ROUND(SUM('Totals ELV'!Q9:T9),0) -> 24 | S9: =ROUND(SUM('Totals CRP'!Q9:T9),0) -> 24 | T9: =ROUND(SUM('Totals DQN'!Q9:T9),0) -> 2 | U9: 7 | V9: =ROUND(SUM('Totals Baseline'!V9:Y9),0) -> 0 | W9: =ROUND(SUM('Totals ELV'!V9:Y9),0) -> 0 | X9: =ROUND(SUM('Totals CRP'!V9:Y9),0) -> 0 | Y9: =ROUND(SUM('Totals DQN'!V9:Y9),0) -> 10 | Z9: 7 | AA9: =SUM('Totals Baseline'!AA9:AD9) -> 160 | AB9: =SUM('Totals ELV'!AA9:AD9) -> 165 | AC9: =SUM('Totals CRP'!AA9:AD9) -> 168.45 | AD9: =SUM('Totals DQN'!AA9:AD9) -> 83
A10: 8 | B10: =SUM('Totals Baseline'!B10:E10) -> 44 | C10: =SUM('Totals ELV'!B10:E10) -> 43 | D10: =SUM('Totals CRP'!B10:E10) -> 42.8 | E10: =SUM('Totals DQN'!B10:E10) -> 4 | F10: 8 | G10: =SUM('Totals Baseline'!G10:J10) -> 4 | H10: =SUM('Totals ELV'!G10:J10) -> 0 | I10: =SUM('Totals CRP'!G10:J10) -> 0 | J10: =SUM('Totals DQN'!G10:J10) -> 12 | K10: 8 | L10: =SUM('Totals Baseline'!L10:O10) -> 18 | M10: =SUM('Totals ELV'!L10:O10) -> 25.8 | N10: =SUM('Totals CRP'!L10:O10) -> 25.9 | O10: =SUM('Totals DQN'!L10:O10) -> 52 | P10: 8 | Q10: =ROUND(SUM('Totals Baseline'!Q10:T10),0) -> 22 | R10: =ROUND(SUM('Totals ELV'!Q10:T10),0) -> 21 | S10: =ROUND(SUM('Totals CRP'!Q10:T10),0) -> 21 | T10: =ROUND(SUM('Totals DQN'!Q10:T10),0) -> 2 | U10: 8 | V10: =ROUND(SUM('Totals Baseline'!V10:Y10),0) -> 4 | W10: =ROUND(SUM('Totals ELV'!V10:Y10),0) -> 0 | X10: =ROUND(SUM('Totals CRP'!V10:Y10),0) -> 0 | Y10: =ROUND(SUM('Totals DQN'!V10:Y10),0) -> 12 | Z10: 8 | AA10: =SUM('Totals Baseline'!AA10:AD10) -> 186 | AB10: =SUM('Totals ELV'!AA10:AD10) -> 185.9 | AC10: =SUM('Totals CRP'!AA10:AD10) -> 189.85 | AD10: =SUM('Totals DQN'!AA10:AD10) -> 97
A11: 9 | B11: =SUM('Totals Baseline'!B11:E11) -> 35 | C11: =SUM('Totals ELV'!B11:E11) -> 33 | D11: =SUM('Totals CRP'!B11:E11) -> 31 | E11: =SUM('Totals DQN'!B11:E11) -> 4 | F11: 9 | G11: =SUM('Totals Baseline'!G11:J11) -> 9 | H11: =SUM('Totals ELV'!G11:J11) -> 1.5 | I11: =SUM('Totals CRP'!G11:J11) -> 0.3 | J11: =SUM('Totals DQN'!G11:J11) -> 14 | K11: 9 | L11: =SUM('Totals Baseline'!L11:O11) -> 26 | M11: =SUM('Totals ELV'!L11:O11) -> 29.2 | N11: =SUM('Totals CRP'!L11:O11) -> 29.4 | O11: =SUM('Totals DQN'!L11:O11) -> 51 | P11: 9 | Q11: =ROUND(SUM('Totals Baseline'!Q11:T11),0) -> 18 | R11: =ROUND(SUM('Totals ELV'!Q11:T11),0) -> 16 | S11: =ROUND(SUM('Totals CRP'!Q11:T11),0) -> 16 | T11: =ROUND(SUM('Totals DQN'!Q11:T11),0) -> 2 | U11: 9 | V11: =ROUND(SUM('Totals Baseline'!V11:Y11),0) -> 9 | W11: =ROUND(SUM('Totals ELV'!V11:Y11),0) -> 2 | X11: =ROUND(SUM('Totals CRP'!V11:Y11),0) -> 0 | Y11: =ROUND(SUM('Totals DQN'!V11:Y11),0) -> 14 | Z11: 9 | AA11: =SUM('Totals Baseline'!AA11:AD11) -> 212.5 | AB11: =SUM('Totals ELV'!AA11:AD11) -> 202.95 | AC11: =SUM('Totals CRP'!AA11:AD11) -> 205.65 | AD11: =SUM('Totals DQN'!AA11:AD11) -> 113
A12: 10 | B12: =SUM('Totals Baseline'!B12:E12) -> 27 | C12: =SUM('Totals ELV'!B12:E12) -> 26 | D12: =SUM('Totals CRP'!B12:E12) -> 30.3 | E12: =SUM('Totals DQN'!B12:E12) -> 3 | F12: 10 | G12: =SUM('Totals Baseline'!G12:J12) -> 19 | H12: =SUM('Totals ELV'!G12:J12) -> 1.3 | I12: =SUM('Totals CRP'!G12:J12) -> 1 | J12: =SUM('Totals DQN'!G12:J12) -> 13 | K12: 10 | L12: =SUM('Totals Baseline'!L12:O12) -> 30 | M12: =SUM('Totals ELV'!L12:O12) -> 39.4 | N12: =SUM('Totals CRP'!L12:O12) -> 41.4 | O12: =SUM('Totals DQN'!L12:O12) -> 50 | P12: 10 | Q12: =ROUND(SUM('Totals Baseline'!Q12:T12),0) -> 14 | R12: =ROUND(SUM('Totals ELV'!Q12:T12),0) -> 15 | S12: =ROUND(SUM('Totals CRP'!Q12:T12),0) -> 15 | T12: =ROUND(SUM('Totals DQN'!Q12:T12),0) -> 2 | U12: 10 | V12: =ROUND(SUM('Totals Baseline'!V12:Y12),0) -> 19 | W12: =ROUND(SUM('Totals ELV'!V12:Y12),0) -> 1 | X12: =ROUND(SUM('Totals CRP'!V12:Y12),0) -> 1 | Y12: =ROUND(SUM('Totals DQN'!V12:Y12),0) -> 13 | Z12: 10 | AA12: =SUM('Totals Baseline'!AA12:AD12) -> 245 | AB12: =SUM('Totals ELV'!AA12:AD12) -> 219.7 | AC12: =SUM('Totals CRP'!AA12:AD12) -> 221.8 | AD12: =SUM('Totals DQN'!AA12:AD12) -> 127.5
A13: 11 | B13: =SUM('Totals Baseline'!B13:E13) -> 16 | C13: =SUM('Totals ELV'!B13:E13) -> 29 | D13: =SUM('Totals CRP'!B13:E13) -> 30.9 | E13: =SUM('Totals DQN'!B13:E13) -> 4 | F13: 11 | G13: =SUM('Totals Baseline'!G13:J13) -> 29 | H13: =SUM('Totals ELV'!G13:J13) -> 9.2 | I13: =SUM('Totals CRP'!G13:J13) -> 6.5 | J13: =SUM('Totals DQN'!G13:J13) -> 5 | K13: 11 | L13: =SUM('Totals Baseline'!L13:O13) -> 36 | M13: =SUM('Totals ELV'!L13:O13) -> 38.5 | N13: =SUM('Totals CRP'!L13:O13) -> 37.8 | O13: =SUM('Totals DQN'!L13:O13) -> 44 | P13: 11 | Q13: =ROUND(SUM('Totals Baseline'!Q13:T13),0) -> 8 | R13: =ROUND(SUM('Totals ELV'!Q13:T13),0) -> 16 | S13: =ROUND(SUM('Totals CRP'!Q13:T13),0) -> 15 | T13: =ROUND(SUM('Totals DQN'!Q13:T13),0) -> 2 | U13: 11 | V13: =ROUND(SUM('Totals Baseline'!V13:Y13),0) -> 29 | W13: =ROUND(SUM('Totals ELV'!V13:Y13),0) -> 9 | X13: =ROUND(SUM('Totals CRP'!V13:Y13),0) -> 7 | Y13: =ROUND(SUM('Totals DQN'!V13:Y13),0) -> 5 | Z13: 11 | AA13: =SUM('Totals Baseline'!AA13:AD13) -> 282 | AB13: =SUM('Totals ELV'!AA13:AD13) -> 244.6 | AC13: =SUM('Totals CRP'!AA13:AD13) -> 243.75 | AD13: =SUM('Totals DQN'!AA13:AD13) -> 134.5
... A38: 36 | B38: =SUM('Totals Baseline'!B38:E38) -> 0 | C38: =SUM('Totals ELV'!B38:E38) -> 34 | D38: =SUM('Totals CRP'!B38:E38) -> 42.9 | E38: =SUM('Totals DQN'!B38:E38) -> 70 | F38: 36 | G38: =SUM('Totals Baseline'!G38:J38) -> 85 | H38: =SUM('Totals ELV'!G38:J38) -> 3.9 | I38: =SUM('Totals CRP'!G38:J38) -> 0.8 | J38: =SUM('Totals DQN'!G38:J38) -> 0 | K38: 36 | L38: =SUM('Totals Baseline'!L38:O38) -> 45 | M38: =SUM('Totals ELV'!L38:O38) -> 25.7 | N38: =SUM('Totals CRP'!L38:O38) -> 28.1 | O38: =SUM('Totals DQN'!L38:O38) -> 15 | P38: 36 | Q38: =ROUND(SUM('Totals Baseline'!Q38:T38),0) -> 0 | R38: =ROUND(SUM('Totals ELV'!Q38:T38),0) -> 22 | S38: =ROUND(SUM('Totals CRP'!Q38:T38),0) -> 21 | T38: =ROUND(SUM('Totals DQN'!Q38:T38),0) -> 35 | U38: 36 | V38: =ROUND(SUM('Totals Baseline'!V38:Y38),0) -> 85 | W38: =ROUND(SUM('Totals ELV'!V38:Y38),0) -> 4 | X38: =ROUND(SUM('Totals CRP'!V38:Y38),0) -> 1 | Y38: =ROUND(SUM('Totals DQN'!V38:Y38),0) -> 0 | Z38: 36 | AA38: =SUM('Totals Baseline'!AA38:AD38) -> 2286 | AB38: =SUM('Totals ELV'!AA38:AD38) -> 891.05 | AC38: =SUM('Totals CRP'!AA38:AD38) -> 860.15 | AD38: =SUM('Totals DQN'!AA38:AD38) -> 788.5

Sheet Totals Baseline
A1: t | B1: Avg I Retailer | C1: Avg I Wholesaler | D1: Avg I Distributor | E1: Avg I Producer | F1: t | G1: Avg B Retailer | H1: Avg B Wholesaler | I1: Avg B Distributor | J1: Avg B Producer | K1: t | L1: Avg O Retailer | M1: Avg O Wholesaler | N1: Avg O Distributor | O1: Avg O Producer | P1: t | Q1: Avg ihc Retailer | R1: Avg ihc Wholesaler | S1: Avg ihc Distributor | T1: Avg ihc Producer | U1: t | V1: Avg ubc Retailer | W1: Avg ubc Wholesaler | X1: Avg ubc Distributor | Y1: Avg ubc Producer | Z1: t6 | AA1: Avg TC Retailer | AB1: Avg TC Wholesaler | AC1: Avg TC Distributor | AD1: Avg TC Producer
A2: 0 | B2: ='Inventory Baseline'!BA2 -> 12 | C2: ='Inventory Baseline'!BB2 -> 12 | D2: ='Inventory Baseline'!BC2 -> 12 | E2: ='Inventory Baseline'!BD2 -> 12 | F2: 0 | G2: ='Backlog Baseline'!BA2 -> 0 | H2: ='Backlog Baseline'!BB2 -> 0 | I2: ='Backlog Baseline'!BC2 -> 0 | J2: ='Backlog Baseline'!BD2 -> 0 | K2: 0 | L2: ='Orders Baseline'!AZ2 -> 0 | M2: ='Orders Baseline'!BA2 -> 0 | N2: ='Orders Baseline'!BB2 -> 0 | O2: ='Orders Baseline'!BC2 -> 0 | P2: 0 | Q2: =ROUND('IHC Baseline'!AY2,2) -> 0 | R2: =ROUND('IHC Baseline'!AZ2,2) -> 0 | S2: =ROUND('IHC Baseline'!BA2,2) -> 0 | T2: =ROUND('IHC Baseline'!BB2,2) -> 0 | U2: 0 | V2: =ROUND('UBC Baseline'!AZ2,2) -> 0 | W2: =ROUND('UBC Baseline'!BA2,2) -> 0 | X2: =ROUND('UBC Baseline'!BB2,2) -> 0 | Y2: =ROUND('UBC Baseline'!BC2,2) -> 0 | Z2: 0 | AA2: =Q2+V2 -> 0 | AB2: =R2+W2 -> 0 | AC2: =S2+X2 -> 0 | AD2: =T2+Y2 -> 0
A3: 1 | B3: ='Inventory Baseline'!BA3 -> 12 | C3: ='Inventory Baseline'!BB3 -> 12 | D3: ='Inventory Baseline'!BC3 -> 12 | E3: ='Inventory Baseline'!BD3 -> 12 | F3: 1 | G3: ='Backlog Baseline'!BA3 -> 0 | H3: ='Backlog Baseline'!BB3 -> 0 | I3: ='Backlog Baseline'!BC3 -> 0 | J3: ='Backlog Baseline'!BD3 -> 0 | K3: 1 | L3: ='Orders Baseline'!AZ3 -> 4 | M3: ='Orders Baseline'!BA3 -> 4 | N3: ='Orders Baseline'!BB3 -> 4 | O3: ='Orders Baseline'!BC3 -> 4 | P3: 1 | Q3: =ROUND('IHC Baseline'!AY3,2) -> 6 | R3: =ROUND('IHC Baseline'!AZ3,2) -> 6 | S3: =ROUND('IHC Baseline'!BA3,2) -> 6 | T3: =ROUND('IHC Baseline'!BB3,2) -> 6 | U3: 1 | V3: =ROUND('UBC Baseline'!AZ3,2) -> 0 | W3: =ROUND('UBC Baseline'!BA3,2) -> 0 | X3: =ROUND('UBC Baseline'!BB3,2) -> 0 | Y3: =ROUND('UBC Baseline'!BC3,2) -> 0 | Z3: 1 | AA3: =Q3+V3+AA2 -> 6 | AB3: =R3+W3+AB2 -> 6 | AC3: =S3+X3+AC2 -> 6 | AD3: =T3+Y3+AD2 -> 6
A4: 2 | B4: ='Inventory Baseline'!BA4 -> 12 | C4: ='Inventory Baseline'!BB4 -> 12 | D4: ='Inventory Baseline'!BC4 -> 12 | E4: ='Inventory Baseline'!BD4 -> 12 | F4: 2 | G4: ='Backlog Baseline'!BA4 -> 0 | H4: ='Backlog Baseline'!BB4 -> 0 | I4: ='Backlog Baseline'!BC4 -> 0 | J4: ='Backlog Baseline'!BD4 -> 0 | K4: 2 | L4: ='Orders Baseline'!AZ4 -> 4 | M4: ='Orders Baseline'!BA4 -> 4 | N4: ='Orders Baseline'!BB4 -> 4 | O4: ='Orders Baseline'!BC4 -> 4 | P4: 2 | Q4: =ROUND('IHC Baseline'!AY4,2) -> 6 | R4: =ROUND('IHC Baseline'!AZ4,2) -> 6 | S4: =ROUND('IHC Baseline'!BA4,2) -> 6 | T4: =ROUND('IHC Baseline'!BB4,2) -> 6 | U4: 2 | V4: =ROUND('UBC Baseline'!AZ4,2) -> 0 | W4: =ROUND('UBC Baseline'!BA4,2) -> 0 | X4: =ROUND('UBC Baseline'!BB4,2) -> 0 | Y4: =ROUND('UBC Baseline'!BC4,2) -> 0 | Z4: 2 | AA4: =Q4+V4+AA3 -> 12 | AB4: =R4+W4+AB3 -> 12 | AC4: =S4+X4+AC3 -> 12 | AD4: =T4+Y4+AD3 -> 12
A5: 3 | B5: ='Inventory Baseline'!BA5 -> 12 | C5: ='Inventory Baseline'!BB5 -> 12 | D5: ='Inventory Baseline'!BC5 -> 12 | E5: ='Inventory Baseline'!BD5 -> 12 | F5: 3 | G5: ='Backlog Baseline'!BA5 -> 0 | H5: ='Backlog Baseline'!BB5 -> 0 | I5: ='Backlog Baseline'!BC5 -> 0 | J5: ='Backlog Baseline'!BD5 -> 0 | K5: 3 | L5: ='Orders Baseline'!AZ5 -> 4 | M5: ='Orders Baseline'!BA5 -> 4 | N5: ='Orders Baseline'!BB5 -> 4 | O5: ='Orders Baseline'!BC5 -> 4 | P5: 3 | Q5: =ROUND('IHC Baseline'!AY5,2) -> 6 | R5: =ROUND('IHC Baseline'!AZ5,2) -> 6 | S5: =ROUND('IHC Baseline'!BA5,2) -> 6 | T5: =ROUND('IHC Baseline'!BB5,2) -> 6 | U5: 3 | V5: =ROUND('UBC Baseline'!AZ5,2) -> 0 | W5: =ROUND('UBC Baseline'!BA5,2) -> 0 | X5: =ROUND('UBC Baseline'!BB5,2) -> 0 | Y5: =ROUND('UBC Baseline'!BC5,2) -> 0 | Z5: 3 | AA5: =Q5+V5+AA4 -> 18 | AB5: =R5+W5+AB4 -> 18 | AC5: =S5+X5+AC4 -> 18 | AD5: =T5+Y5+AD4 -> 18
A6: 4 | B6: ='Inventory Baseline'!BA6 -> 12 | C6: ='Inventory Baseline'!BB6 -> 12 | D6: ='Inventory Baseline'!BC6 -> 12 | E6: ='Inventory Baseline'!BD6 -> 12 | F6: 4 | G6: ='Backlog Baseline'!BA6 -> 0 | H6: ='Backlog Baseline'!BB6 -> 0 | I6: ='Backlog Baseline'!BC6 -> 0 | J6: ='Backlog Baseline'!BD6 -> 0 | K6: 4 | L6: ='Orders Baseline'!AZ6 -> 4 | M6: ='Orders Baseline'!BA6 -> 4 | N6: ='Orders Baseline'!BB6 -> 4 | O6: ='Orders Baseline'!BC6 -> 4 | P6: 4 | Q6: =ROUND('IHC Baseline'!AY6,2) -> 6 | R6: =ROUND('IHC Baseline'!AZ6,2) -> 6 | S6: =ROUND('IHC Baseline'!BA6,2) -> 6 | T6: =ROUND('IHC Baseline'!BB6,2) -> 6 | U6: 4 | V6: =ROUND('UBC Baseline'!AZ6,2) -> 0 | W6: =ROUND('UBC Baseline'!BA6,2) -> 0 | X6: =ROUND('UBC Baseline'!BB6,2) -> 0 | Y6: =ROUND('UBC Baseline'!BC6,2) -> 0 | Z6: 4 | AA6: =Q6+V6+AA5 -> 24 | AB6: =R6+W6+AB5 -> 24 | AC6: =S6+X6+AC5 -> 24 | AD6: =T6+Y6+AD5 -> 24
A7: 5 | B7: ='Inventory Baseline'!BA7 -> 12 | C7: ='Inventory Baseline'!BB7 -> 12 | D7: ='Inventory Baseline'!BC7 -> 8 | E7: ='Inventory Baseline'!BD7 -> 12 | F7: 5 | G7: ='Backlog Baseline'!BA7 -> 0 | H7: ='Backlog Baseline'!BB7 -> 0 | I7: ='Backlog Baseline'!BC7 -> 0 | J7: ='Backlog Baseline'!BD7 -> 0 | K7: 5 | L7: ='Orders Baseline'!AZ7 -> 8 | M7: ='Orders Baseline'!BA7 -> 4 | N7: ='Orders Baseline'!BB7 -> 4 | O7: ='Orders Baseline'!BC7 -> 4 | P7: 5 | Q7: =ROUND('IHC Baseline'!AY7,2) -> 6 | R7: =ROUND('IHC Baseline'!AZ7,2) -> 6 | S7: =ROUND('IHC Baseline'!BA7,2) -> 4 | T7: =ROUND('IHC Baseline'!BB7,2) -> 6 | U7: 5 | V7: =ROUND('UBC Baseline'!AZ7,2) -> 0 | W7: =ROUND('UBC Baseline'!BA7,2) -> 0 | X7: =ROUND('UBC Baseline'!BB7,2) -> 0 | Y7: =ROUND('UBC Baseline'!BC7,2) -> 0 | Z7: 5 | AA7: =Q7+V7+AA6 -> 30 | AB7: =R7+W7+AB6 -> 30 | AC7: =S7+X7+AC6 -> 28 | AD7: =T7+Y7+AD6 -> 30
A8: 6 | B8: ='Inventory Baseline'!BA8 -> 12 | C8: ='Inventory Baseline'!BB8 -> 12 | D8: ='Inventory Baseline'!BC8 -> 4 | E8: ='Inventory Baseline'!BD8 -> 12 | F8: 6 | G8: ='Backlog Baseline'!BA8 -> 0 | H8: ='Backlog Baseline'!BB8 -> 0 | I8: ='Backlog Baseline'!BC8 -> 0 | J8: ='Backlog Baseline'!BD8 -> 0 | K8: 6 | L8: ='Orders Baseline'!AZ8 -> 8 | M8: ='Orders Baseline'!BA8 -> 0 | N8: ='Orders Baseline'!BB8 -> 4 | O8: ='Orders Baseline'!BC8 -> 0 | P8: 6 | Q8: =ROUND('IHC Baseline'!AY8,2) -> 6 | R8: =ROUND('IHC Baseline'!AZ8,2) -> 6 | S8: =ROUND('IHC Baseline'!BA8,2) -> 2 | T8: =ROUND('IHC Baseline'!BB8,2) -> 6 | U8: 6 | V8: =ROUND('UBC Baseline'!AZ8,2) -> 0 | W8: =ROUND('UBC Baseline'!BA8,2) -> 0 | X8: =ROUND('UBC Baseline'!BB8,2) -> 0 | Y8: =ROUND('UBC Baseline'!BC8,2) -> 0 | Z8: 6 | AA8: =Q8+V8+AA7 -> 36 | AB8: =R8+W8+AB7 -> 36 | AC8: =S8+X8+AC7 -> 30 | AD8: =T8+Y8+AD7 -> 36
A9: 7 | B9: ='Inventory Baseline'!BA9 -> 16 | C9: ='Inventory Baseline'!BB9 -> 16 | D9: ='Inventory Baseline'!BC9 -> 0 | E9: ='Inventory Baseline'!BD9 -> 12 | F9: 7 | G9: ='Backlog Baseline'!BA9 -> 0 | H9: ='Backlog Baseline'!BB9 -> 0 | I9: ='Backlog Baseline'!BC9 -> 0 | J9: ='Backlog Baseline'!BD9 -> 0 | K9: 7 | L9: ='Orders Baseline'!AZ9 -> 8 | M9: ='Orders Baseline'!BA9 -> 0 | N9: ='Orders Baseline'!BB9 -> 8 | O9: ='Orders Baseline'!BC9 -> 0 | P9: 7 | Q9: =ROUND('IHC Baseline'!AY9,2) -> 8 | R9: =ROUND('IHC Baseline'!AZ9,2) -> 8 | S9: =ROUND('IHC Baseline'!BA9,2) -> 0 | T9: =ROUND('IHC Baseline'!BB9,2) -> 6 | U9: 7 | V9: =ROUND('UBC Baseline'!AZ9,2) -> 0 | W9: =ROUND('UBC Baseline'!BA9,2) -> 0 | X9: =ROUND('UBC Baseline'!BB9,2) -> 0 | Y9: =ROUND('UBC Baseline'!BC9,2) -> 0 | Z9: 7 | AA9: =Q9+V9+AA8 -> 44 | AB9: =R9+W9+AB8 -> 44 | AC9: =S9+X9+AC8 -> 30 | AD9: =T9+Y9+AD8 -> 42
A10: 8 | B10: ='Inventory Baseline'!BA10 -> 20 | C10: ='Inventory Baseline'!BB10 -> 16 | D10: ='Inventory Baseline'!BC10 -> 0 | E10: ='Inventory Baseline'!BD10 -> 8 | F10: 8 | G10: ='Backlog Baseline'!BA10 -> 0 | H10: ='Backlog Baseline'!BB10 -> 0 | I10: ='Backlog Baseline'!BC10 -> 4 | J10: ='Backlog Baseline'!BD10 -> 0 | K10: 8 | L10: ='Orders Baseline'!AZ10 -> 8 | M10: ='Orders Baseline'!BA10 -> 0 | N10: ='Orders Baseline'!BB10 -> 9 | O10: ='Orders Baseline'!BC10 -> 1 | P10: 8 | Q10: =ROUND('IHC Baseline'!AY10,2) -> 10 | R10: =ROUND('IHC Baseline'!AZ10,2) -> 8 | S10: =ROUND('IHC Baseline'!BA10,2) -> 0 | T10: =ROUND('IHC Baseline'!BB10,2) -> 4 | U10: 8 | V10: =ROUND('UBC Baseline'!AZ10,2) -> 0 | W10: =ROUND('UBC Baseline'!BA10,2) -> 0 | X10: =ROUND('UBC Baseline'!BB10,2) -> 4 | Y10: =ROUND('UBC Baseline'!BC10,2) -> 0 | Z10: 8 | AA10: =Q10+V10+AA9 -> 54 | AB10: =R10+W10+AB9 -> 52 | AC10: =S10+X10+AC9 -> 34 | AD10: =T10+Y10+AD9 -> 46
A11: 9 | B11: ='Inventory Baseline'!BA11 -> 19 | C11: ='Inventory Baseline'!BB11 -> 16 | D11: ='Inventory Baseline'!BC11 -> 0 | E11: ='Inventory Baseline'!BD11 -> 0 | F11: 9 | G11: ='Backlog Baseline'!BA11 -> 0 | H11: ='Backlog Baseline'!BB11 -> 0 | I11: ='Backlog Baseline'!BC11 -> 8 | J11: ='Backlog Baseline'!BD11 -> 1 | K11: 9 | L11: ='Orders Baseline'!AZ11 -> 8 | M11: ='Orders Baseline'!BA11 -> 0 | N11: ='Orders Baseline'!BB11 -> 10 | O11: ='Orders Baseline'!BC11 -> 8 | P11: 9 | Q11: =ROUND('IHC Baseline'!AY11,2) -> 9.5 | R11: =ROUND('IHC Baseline'!AZ11,2) -> 8 | S11: =ROUND('IHC Baseline'!BA11,2) -> 0 | T11: =ROUND('IHC Baseline'!BB11,2) -> 0 | U11: 9 | V11: =ROUND('UBC Baseline'!AZ11,2) -> 0 | W11: =ROUND('UBC Baseline'!BA11,2) -> 0 | X11: =ROUND('UBC Baseline'!BB11,2) -> 8 | Y11: =ROUND('UBC Baseline'!BC11,2) -> 1 | Z11: 9 | AA11: =Q11+V11+AA10 -> 63.5 | AB11: =R11+W11+AB10 -> 60 | AC11: =S11+X11+AC10 -> 42 | AD11: =T11+Y11+AD10 -> 47
A12: 10 | B12: ='Inventory Baseline'!BA12 -> 11 | C12: ='Inventory Baseline'!BB12 -> 16 | D12: ='Inventory Baseline'!BC12 -> 0 | E12: ='Inventory Baseline'!BD12 -> 0 | F12: 10 | G12: ='Backlog Baseline'!BA12 -> 0 | H12: ='Backlog Baseline'!BB12 -> 0 | I12: ='Backlog Baseline'!BC12 -> 8 | J12: ='Backlog Baseline'!BD12 -> 11 | K12: 10 | L12: ='Orders Baseline'!AZ12 -> 8 | M12: ='Orders Baseline'!BA12 -> 0 | N12: ='Orders Baseline'!BB12 -> 10 | O12: ='Orders Baseline'!BC12 -> 12 | P12: 10 | Q12: =ROUND('IHC Baseline'!AY12,2) -> 5.5 | R12: =ROUND('IHC Baseline'!AZ12,2) -> 8 | S12: =ROUND('IHC Baseline'!BA12,2) -> 0 | T12: =ROUND('IHC Baseline'!BB12,2) -> 0 | U12: 10 | V12: =ROUND('UBC Baseline'!AZ12,2) -> 0 | W12: =ROUND('UBC Baseline'!BA12,2) -> 0 | X12: =ROUND('UBC Baseline'!BB12,2) -> 8 | Y12: =ROUND('UBC Baseline'!BC12,2) -> 11 | Z12: 10 | AA12: =Q12+V12+AA11 -> 69 | AB12: =R12+W12+AB11 -> 68 | AC12: =S12+X12+AC11 -> 50 | AD12: =T12+Y12+AD11 -> 58
A13: 11 | B13: ='Inventory Baseline'!BA13 -> 0 | C13: ='Inventory Baseline'!BB13 -> 16 | D13: ='Inventory Baseline'!BC13 -> 0 | E13: ='Inventory Baseline'!BD13 -> 0 | F13: 11 | G13: ='Backlog Baseline'!BA13 -> 1 | H13: ='Backlog Baseline'!BB13 -> 0 | I13: ='Backlog Baseline'!BC13 -> 8 | J13: ='Backlog Baseline'!BD13 -> 20 | K13: 11 | L13: ='Orders Baseline'!AZ13 -> 8 | M13: ='Orders Baseline'!BA13 -> 3 | N13: ='Orders Baseline'!BB13 -> 10 | O13: ='Orders Baseline'!BC13 -> 15 | P13: 11 | Q13: =ROUND('IHC Baseline'!AY13,2) -> 0 | R13: =ROUND('IHC Baseline'!AZ13,2) -> 8 | S13: =ROUND('IHC Baseline'!BA13,2) -> 0 | T13: =ROUND('IHC Baseline'!BB13,2) -> 0 | U13: 11 | V13: =ROUND('UBC Baseline'!AZ13,2) -> 1 | W13: =ROUND('UBC Baseline'!BA13,2) -> 0 | X13: =ROUND('UBC Baseline'!BB13,2) -> 8 | Y13: =ROUND('UBC Baseline'!BC13,2) -> 20 | Z13: 11 | AA13: =Q13+V13+AA12 -> 70 | AB13: =R13+W13+AB12 -> 76 | AC13: =S13+X13+AC12 -> 58 | AD13: =T13+Y13+AD12 -> 78
A14: 12 | B14: ='Inventory Baseline'!BA14 -> 0 | C14: ='Inventory Baseline'!BB14 -> 13 | D14: ='Inventory Baseline'!BC14 -> 0 | E14: ='Inventory Baseline'!BD14 -> 0 | F14: 12 | G14: ='Backlog Baseline'!BA14 -> 16 | H14: ='Backlog Baseline'!BB14 -> 0 | I14: ='Backlog Baseline'!BC14 -> 16 | J14: ='Backlog Baseline'!BD14 -> 22 | K14: 12 | L14: ='Orders Baseline'!AZ14 -> 8 | M14: ='Orders Baseline'!BA14 -> 15 | N14: ='Orders Baseline'!BB14 -> 9 | O14: ='Orders Baseline'!BC14 -> 16 | P14: 12 | Q14: =ROUND('IHC Baseline'!AY14,2) -> 0 | R14: =ROUND('IHC Baseline'!AZ14,2) -> 6.5 | S14: =ROUND('IHC Baseline'!BA14,2) -> 0 | T14: =ROUND('IHC Baseline'!BB14,2) -> 0 | U14: 12 | V14: =ROUND('UBC Baseline'!AZ14,2) -> 16 | W14: =ROUND('UBC Baseline'!BA14,2) -> 0 | X14: =ROUND('UBC Baseline'!BB14,2) -> 16 | Y14: =ROUND('UBC Baseline'!BC14,2) -> 22 | Z14: 12 | AA14: =Q14+V14+AA13 -> 86 | AB14: =R14+W14+AB13 -> 82.5 | AC14: =S14+X14+AC13 -> 74 | AD14: =T14+Y14+AD13 -> 100
... A38: 36 | B38: ='Inventory Baseline'!BA38 -> 0 | C38: ='Inventory Baseline'!BB38 -> 0 | D38: ='Inventory Baseline'!BC38 -> 0 | E38: ='Inventory Baseline'!BD38 -> 0 | F38: 36 | G38: ='Backlog Baseline'!BA38 -> 29 | H38: ='Backlog Baseline'!BB38 -> 20 | I38: ='Backlog Baseline'!BC38 -> 11 | J38: ='Backlog Baseline'!BD38 -> 25 | K38: 36 | L38: ='Orders Baseline'!AZ38 -> 8 | M38: ='Orders Baseline'!BA38 -> 19 | N38: ='Orders Baseline'!BB38 -> 8 | O38: ='Orders Baseline'!BC38 -> 10 | P38: 36 | Q38: =ROUND('IHC Baseline'!AY38,2) -> 0 | R38: =ROUND('IHC Baseline'!AZ38,2) -> 0 | S38: =ROUND('IHC Baseline'!BA38,2) -> 0 | T38: =ROUND('IHC Baseline'!BB38,2) -> 0 | U38: 36 | V38: =ROUND('UBC Baseline'!AZ38,2) -> 29 | W38: =ROUND('UBC Baseline'!BA38,2) -> 20 | X38: =ROUND('UBC Baseline'!BB38,2) -> 11 | Y38: =ROUND('UBC Baseline'!BC38,2) -> 25 | Z38: 36 | AA38: =Q38+V38+AA37 -> 634 | AB38: =R38+W38+AB37 -> 535.5 | AC38: =S38+X38+AC37 -> 516.5 | AD38: =T38+Y38+AD37 -> 600

Sheet Graphs Baseline

Sheet Inventory Baseline
A1: t | B1: i_d | C1: i_f | D1: i_r | E1: i_w | G1: i_d | H1: i_f | I1: i_r | J1: i_w | L1: i_d | M1: i_f | N1: i_r | O1: i_w | Q1: i_d | R1: i_f | S1: i_r | T1: i_w | V1: i_d | W1: i_f | X1: i_r | Y1: i_w | AA1: i_d | AB1: i_f | AC1: i_r | AD1: i_w | AF1: i_d | AG1: i_f | AH1: i_r | AI1: i_w | AK1: i_d | AL1: i_f | AM1: i_r | AN1: i_w | AP1: i_d | AQ1: i_f | AR1: i_r | AS1: i_w | AU1: i_d | AV1: i_f | AW1: i_r | AX1: i_w | BA1: Avg I Retailer | BB1: Avg I Wholesaler | BC1: Avg I Distributor | BD1: Avg I Producer
A2: 0 | B2: 12 | C2: 12 | D2: 12 | E2: 12 | G2: 12 | H2: 12 | I2: 12 | J2: 12 | L2: 12 | M2: 12 | N2: 12 | O2: 12 | Q2: 12 | R2: 12 | S2: 12 | T2: 12 | V2: 12 | W2: 12 | X2: 12 | Y2: 12 | AA2: 12 | AB2: 12 | AC2: 12 | AD2: 12 | AF2: 12 | AG2: 12 | AH2: 12 | AI2: 12 | AK2: 12 | AL2: 12 | AM2: 12 | AN2: 12 | AP2: 12 | AQ2: 12 | AR2: 12 | AS2: 12 | AU2: 12 | AV2: 12 | AW2: 12 | AX2: 12 | BA2: =AVERAGE(B2,G2,L2,Q2,V2,AA2,AF2,AK2,AP2,AU2) -> 12 | BB2: =AVERAGE(C2,H2,M2,R2,W2,AB2,AG2,AL2,AQ2,AV2) -> 12 | BC2: =AVERAGE(D2,I2,N2,S2,X2,AC2,AH2,AM2,AR2,AW2) -> 12 | BD2: =AVERAGE(E2,J2,O2,T2,Y2,AD2,AI2,AN2,AS2,AX2) -> 12
A3: 1 | B3: 12 | C3: 12 | D3: 12 | E3: 12 | G3: 12 | H3: 12 | I3: 12 | J3: 12 | L3: 12 | M3: 12 | N3: 12 | O3: 12 | Q3: 12 | R3: 12 | S3: 12 | T3: 12 | V3: 12 | W3: 12 | X3: 12 | Y3: 12 | AA3: 12 | AB3: 12 | AC3: 12 | AD3: 12 | AF3: 12 | AG3: 12 | AH3: 12 | AI3: 12 | AK3: 12 | AL3: 12 | AM3: 12 | AN3: 12 | AP3: 12 | AQ3: 12 | AR3: 12 | AS3: 12 | AU3: 12 | AV3: 12 | AW3: 12 | AX3: 12 | BA3: =AVERAGE(B3,G3,L3,Q3,V3,AA3,AF3,AK3,AP3,AU3) -> 12 | BB3: =AVERAGE(C3,H3,M3,R3,W3,AB3,AG3,AL3,AQ3,AV3) -> 12 | BC3: =AVERAGE(D3,I3,N3,S3,X3,AC3,AH3,AM3,AR3,AW3) -> 12 | BD3: =AVERAGE(E3,J3,O3,T3,Y3,AD3,AI3,AN3,AS3,AX3) -> 12
A4: 2 | B4: 12 | C4: 12 | D4: 12 | E4: 12 | G4: 12 | H4: 12 | I4: 12 | J4: 12 | L4: 12 | M4: 12 | N4: 12 | O4: 12 | Q4: 12 | R4: 12 | S4: 12 | T4: 12 | V4: 12 | W4: 12 | X4: 12 | Y4: 12 | AA4: 12 | AB4: 12 | AC4: 12 | AD4: 12 | AF4: 12 | AG4: 12 | AH4: 12 | AI4: 12 | AK4: 12 | AL4: 12 | AM4: 12 | AN4: 12 | AP4: 12 | AQ4: 12 | AR4: 12 | AS4: 12 | AU4: 12 | AV4: 12 | AW4: 12 | AX4: 12 | BA4: =AVERAGE(B4,G4,L4,Q4,V4,AA4,AF4,AK4,AP4,AU4) -> 12 | BB4: =AVERAGE(C4,H4,M4,R4,W4,AB4,AG4,AL4,AQ4,AV4) -> 12 | BC4: =AVERAGE(D4,I4,N4,S4,X4,AC4,AH4,AM4,AR4,AW4) -> 12 | BD4: =AVERAGE(E4,J4,O4,T4,Y4,AD4,AI4,AN4,AS4,AX4) -> 12
A5: 3 | B5: 12 | C5: 12 | D5: 12 | E5: 12 | G5: 12 | H5: 12 | I5: 12 | J5: 12 | L5: 12 | M5: 12 | N5: 12 | O5: 12 | Q5: 12 | R5: 12 | S5: 12 | T5: 12 | V5: 12 | W5: 12 | X5: 12 | Y5: 12 | AA5: 12 | AB5: 12 | AC5: 12 | AD5: 12 | AF5: 12 | AG5: 12 | AH5: 12 | AI5: 12 | AK5: 12 | AL5: 12 | AM5: 12 | AN5: 12 | AP5: 12 | AQ5: 12 | AR5: 12 | AS5: 12 | AU5: 12 | AV5: 12 | AW5: 12 | AX5: 12 | BA5: =AVERAGE(B5,G5,L5,Q5,V5,AA5,AF5,AK5,AP5,AU5) -> 12 | BB5: =AVERAGE(C5,H5,M5,R5,W5,AB5,AG5,AL5,AQ5,AV5) -> 12 | BC5: =AVERAGE(D5,I5,N5,S5,X5,AC5,AH5,AM5,AR5,AW5) -> 12 | BD5: =AVERAGE(E5,J5,O5,T5,Y5,AD5,AI5,AN5,AS5,AX5) -> 12
A6: 4 | B6: 12 | C6: 12 | D6: 12 | E6: 12 | G6: 12 | H6: 12 | I6: 12 | J6: 12 | L6: 12 | M6: 12 | N6: 12 | O6: 12 | Q6: 12 | R6: 12 | S6: 12 | T6: 12 | V6: 12 | W6: 12 | X6: 12 | Y6: 12 | AA6: 12 | AB6: 12 | AC6: 12 | AD6: 12 | AF6: 12 | AG6: 12 | AH6: 12 | AI6: 12 | AK6: 12 | AL6: 12 | AM6: 12 | AN6: 12 | AP6: 12 | AQ6: 12 | AR6: 12 | AS6: 12 | AU6: 12 | AV6: 12 | AW6: 12 | AX6: 12 | BA6: =AVERAGE(B6,G6,L6,Q6,V6,AA6,AF6,AK6,AP6,AU6) -> 12 | BB6: =AVERAGE(C6,H6,M6,R6,W6,AB6,AG6,AL6,AQ6,AV6) -> 12 | BC6: =AVERAGE(D6,I6,N6,S6,X6,AC6,AH6,AM6,AR6,AW6) -> 12 | BD6: =AVERAGE(E6,J6,O6,T6,Y6,AD6,AI6,AN6,AS6,AX6) -> 12
A7: 5 | B7: 12 | C7: 12 | D7: 8 | E7: 12 | G7: 12 | H7: 12 | I7: 8 | J7: 12 | L7: 12 | M7: 12 | N7: 8 | O7: 12 | Q7: 12 | R7: 12 | S7: 8 | T7: 12 | V7: 12 | W7: 12 | X7: 8 | Y7: 12 | AA7: 12 | AB7: 12 | AC7: 8 | AD7: 12 | AF7: 12 | AG7: 12 | AH7: 8 | AI7: 12 | AK7: 12 | AL7: 12 | AM7: 8 | AN7: 12 | AP7: 12 | AQ7: 12 | AR7: 8 | AS7: 12 | AU7: 12 | AV7: 12 | AW7: 8 | AX7: 12 | BA7: =AVERAGE(B7,G7,L7,Q7,V7,AA7,AF7,AK7,AP7,AU7) -> 12 | BB7: =AVERAGE(C7,H7,M7,R7,W7,AB7,AG7,AL7,AQ7,AV7) -> 12 | BC7: =AVERAGE(D7,I7,N7,S7,X7,AC7,AH7,AM7,AR7,AW7) -> 8 | BD7: =AVERAGE(E7,J7,O7,T7,Y7,AD7,AI7,AN7,AS7,AX7) -> 12
A8: 6 | B8: 12 | C8: 12 | D8: 4 | E8: 12 | G8: 12 | H8: 12 | I8: 4 | J8: 12 | L8: 12 | M8: 12 | N8: 4 | O8: 12 | Q8: 12 | R8: 12 | S8: 4 | T8: 12 | V8: 12 | W8: 12 | X8: 4 | Y8: 12 | AA8: 12 | AB8: 12 | AC8: 4 | AD8: 12 | AF8: 12 | AG8: 12 | AH8: 4 | AI8: 12 | AK8: 12 | AL8: 12 | AM8: 4 | AN8: 12 | AP8: 12 | AQ8: 12 | AR8: 4 | AS8: 12 | AU8: 12 | AV8: 12 | AW8: 4 | AX8: 12 | BA8: =AVERAGE(B8,G8,L8,Q8,V8,AA8,AF8,AK8,AP8,AU8) -> 12 | BB8: =AVERAGE(C8,H8,M8,R8,W8,AB8,AG8,AL8,AQ8,AV8) -> 12 | BC8: =AVERAGE(D8,I8,N8,S8,X8,AC8,AH8,AM8,AR8,AW8) -> 4 | BD8: =AVERAGE(E8,J8,O8,T8,Y8,AD8,AI8,AN8,AS8,AX8) -> 12
A9: 7 | B9: 16 | C9: 16 | D9: 0 | E9: 12 | G9: 16 | H9: 16 | I9: 0 | J9: 12 | L9: 16 | M9: 16 | N9: 0 | O9: 12 | Q9: 16 | R9: 16 | S9: 0 | T9: 12 | V9: 16 | W9: 16 | X9: 0 | Y9: 12 | AA9: 16 | AB9: 16 | AC9: 0 | AD9: 12 | AF9: 16 | AG9: 16 | AH9: 0 | AI9: 12 | AK9: 16 | AL9: 16 | AM9: 0 | AN9: 12 | AP9: 16 | AQ9: 16 | AR9: 0 | AS9: 12 | AU9: 16 | AV9: 16 | AW9: 0 | AX9: 12 | BA9: =AVERAGE(B9,G9,L9,Q9,V9,AA9,AF9,AK9,AP9,AU9) -> 16 | BB9: =AVERAGE(C9,H9,M9,R9,W9,AB9,AG9,AL9,AQ9,AV9) -> 16 | BC9: =AVERAGE(D9,I9,N9,S9,X9,AC9,AH9,AM9,AR9,AW9) -> 0 | BD9: =AVERAGE(E9,J9,O9,T9,Y9,AD9,AI9,AN9,AS9,AX9) -> 12
A10: 8 | B10: 20 | C10: 16 | D10: 0 | E10: 8 | G10: 20 | H10: 16 | I10: 0 | J10: 8 | L10: 20 | M10: 16 | N10: 0 | O10: 8 | Q10: 20 | R10: 16 | S10: 0 | T10: 8 | V10: 20 | W10: 16 | X10: 0 | Y10: 8 | AA10: 20 | AB10: 16 | AC10: 0 | AD10: 8 | AF10: 20 | AG10: 16 | AH10: 0 | AI10: 8 | AK10: 20 | AL10: 16 | AM10: 0 | AN10: 8 | AP10: 20 | AQ10: 16 | AR10: 0 | AS10: 8 | AU10: 20 | AV10: 16 | AW10: 0 | AX10: 8 | BA10: =AVERAGE(B10,G10,L10,Q10,V10,AA10,AF10,AK10,AP10,AU10) -> 20 | BB10: =AVERAGE(C10,H10,M10,R10,W10,AB10,AG10,AL10,AQ10,AV10) -> 16 | BC10: =AVERAGE(D10,I10,N10,S10,X10,AC10,AH10,AM10,AR10,AW10) -> 0 | BD10: =AVERAGE(E10,J10,O10,T10,Y10,AD10,AI10,AN10,AS10,AX10) -> 8
A11: 9 | B11: 19 | C11: 16 | D11: 0 | E11: 0 | G11: 19 | H11: 16 | I11: 0 | J11: 0 | L11: 19 | M11: 16 | N11: 0 | O11: 0 | Q11: 19 | R11: 16 | S11: 0 | T11: 0 | V11: 19 | W11: 16 | X11: 0 | Y11: 0 | AA11: 19 | AB11: 16 | AC11: 0 | AD11: 0 | AF11: 19 | AG11: 16 | AH11: 0 | AI11: 0 | AK11: 19 | AL11: 16 | AM11: 0 | AN11: 0 | AP11: 19 | AQ11: 16 | AR11: 0 | AS11: 0 | AU11: 19 | AV11: 16 | AW11: 0 | AX11: 0 | BA11: =AVERAGE(B11,G11,L11,Q11,V11,AA11,AF11,AK11,AP11,AU11) -> 19 | BB11: =AVERAGE(C11,H11,M11,R11,W11,AB11,AG11,AL11,AQ11,AV11) -> 16 | BC11: =AVERAGE(D11,I11,N11,S11,X11,AC11,AH11,AM11,AR11,AW11) -> 0 | BD11: =AVERAGE(E11,J11,O11,T11,Y11,AD11,AI11,AN11,AS11,AX11) -> 0
A12: 10 | B12: 11 | C12: 16 | D12: 0 | E12: 0 | G12: 11 | H12: 16 | I12: 0 | J12: 0 | L12: 11 | M12: 16 | N12: 0 | O12: 0 | Q12: 11 | R12: 16 | S12: 0 | T12: 0 | V12: 11 | W12: 16 | X12: 0 | Y12: 0 | AA12: 11 | AB12: 16 | AC12: 0 | AD12: 0 | AF12: 11 | AG12: 16 | AH12: 0 | AI12: 0 | AK12: 11 | AL12: 16 | AM12: 0 | AN12: 0 | AP12: 11 | AQ12: 16 | AR12: 0 | AS12: 0 | AU12: 11 | AV12: 16 | AW12: 0 | AX12: 0 | BA12: =AVERAGE(B12,G12,L12,Q12,V12,AA12,AF12,AK12,AP12,AU12) -> 11 | BB12: =AVERAGE(C12,H12,M12,R12,W12,AB12,AG12,AL12,AQ12,AV12) -> 16 | BC12: =AVERAGE(D12,I12,N12,S12,X12,AC12,AH12,AM12,AR12,AW12) -> 0 | BD12: =AVERAGE(E12,J12,O12,T12,Y12,AD12,AI12,AN12,AS12,AX12) -> 0
A13: 11 | B13: 0 | C13: 16 | D13: 0 | E13: 0 | G13: 0 | H13: 16 | I13: 0 | J13: 0 | L13: 0 | M13: 16 | N13: 0 | O13: 0 | Q13: 0 | R13: 16 | S13: 0 | T13: 0 | V13: 0 | W13: 16 | X13: 0 | Y13: 0 | AA13: 0 | AB13: 16 | AC13: 0 | AD13: 0 | AF13: 0 | AG13: 16 | AH13: 0 | AI13: 0 | AK13: 0 | AL13: 16 | AM13: 0 | AN13: 0 | AP13: 0 | AQ13: 16 | AR13: 0 | AS13: 0 | AU13: 0 | AV13: 16 | AW13: 0 | AX13: 0 | BA13: =AVERAGE(B13,G13,L13,Q13,V13,AA13,AF13,AK13,AP13,AU13) -> 0 | BB13: =AVERAGE(C13,H13,M13,R13,W13,AB13,AG13,AL13,AQ13,AV13) -> 16 | BC13: =AVERAGE(D13,I13,N13,S13,X13,AC13,AH13,AM13,AR13,AW13) -> 0 | BD13: =AVERAGE(E13,J13,O13,T13,Y13,AD13,AI13,AN13,AS13,AX13) -> 0
... A38: 36 | B38: 0 | C38: 0 | D38: 0 | E38: 0 | G38: 0 | H38: 0 | I38: 0 | J38: 0 | L38: 0 | M38: 0 | N38: 0 | O38: 0 | Q38: 0 | R38: 0 | S38: 0 | T38: 0 | V38: 0 | W38: 0 | X38: 0 | Y38: 0 | AA38: 0 | AB38: 0 | AC38: 0 | AD38: 0 | AF38: 0 | AG38: 0 | AH38: 0 | AI38: 0 | AK38: 0 | AL38: 0 | AM38: 0 | AN38: 0 | AP38: 0 | AQ38: 0 | AR38: 0 | AS38: 0 | AU38: 0 | AV38: 0 | AW38: 0 | AX38: 0 | BA38: =AVERAGE(B38,G38,L38,Q38,V38,AA38,AF38,AK38,AP38,AU38) -> 0 | BB38: =AVERAGE(C38,H38,M38,R38,W38,AB38,AG38,AL38,AQ38,AV38) -> 0 | BC38: =AVERAGE(D38,I38,N38,S38,X38,AC38,AH38,AM38,AR38,AW38) -> 0 | BD38: =AVERAGE(E38,J38,O38,T38,Y38,AD38,AI38,AN38,AS38,AX38) -> 0
A40: TOTAL | B40: =SUM(B2:B38) -> 374 | C40: =SUM(C2:C38) -> 605 | D40: =SUM(D2:D38) -> 117 | E40: =SUM(E2:E38) -> 208 | G40: =SUM(G2:G38) -> 374 | H40: =SUM(H2:H38) -> 605 | I40: =SUM(I2:I38) -> 117 | J40: =SUM(J2:J38) -> 208 | L40: =SUM(L2:L38) -> 374 | M40: =SUM(M2:M38) -> 605 | N40: =SUM(N2:N38) -> 117 | O40: =SUM(O2:O38) -> 208 | Q40: =SUM(Q2:Q38) -> 374 | R40: =SUM(R2:R38) -> 605 | S40: =SUM(S2:S38) -> 117 | T40: =SUM(T2:T38) -> 208 | V40: =SUM(V2:V38) -> 374 | W40: =SUM(W2:W38) -> 605 | X40: =SUM(X2:X38) -> 117 | Y40: =SUM(Y2:Y38) -> 208 | AA40: =SUM(AA2:AA38) -> 374 | AB40: =SUM(AB2:AB38) -> 605 | AC40: =SUM(AC2:AC38) -> 117 | AD40: =SUM(AD2:AD38) -> 208 | AF40: =SUM(AF2:AF38) -> 374 | AG40: =SUM(AG2:AG38) -> 605 | AH40: =SUM(AH2:AH38) -> 117 | AI40: =SUM(AI2:AI38) -> 208 | AK40: =SUM(AK2:AK38) -> 374 | AL40: =SUM(AL2:AL38) -> 605 | AM40: =SUM(AM2:AM38) -> 117 | AN40: =SUM(AN2:AN38) -> 208 | AP40: =SUM(AP2:AP38) -> 374 | AQ40: =SUM(AQ2:AQ38) -> 605 | AR40: =SUM(AR2:AR38) -> 117 | AS40: =SUM(AS2:AS38) -> 208 | AU40: =SUM(AU2:AU38) -> 374 | AV40: =SUM(AV2:AV38) -> 605 | AW40: =SUM(AW2:AW38) -> 117 | AX40: =SUM(AX2:AX38) -> 208 | BA40: =SUM(BA2:BA38) -> 374 | BB40: =SUM(BB2:BB38) -> 605 | BC40: =SUM(BC2:BC38) -> 117 | BD40: =SUM(BD2:BD38) -> 208

Sheet Backlog Baseline
A1: t | B1: b_d | C1: b_f | D1: b_r | E1: b_w | G1: b_d | H1: b_f | I1: b_r | J1: b_w | L1: b_d | M1: b_f | N1: b_r | O1: b_w | Q1: b_d | R1: b_f | S1: b_r | T1: b_w | V1: b_d | W1: b_f | X1: b_r | Y1: b_w | AA1: b_d | AB1: b_f | AC1: b_r | AD1: b_w | AF1: b_d | AG1: b_f | AH1: b_r | AI1: b_w | AK1: b_d | AL1: b_f | AM1: b_r | AN1: b_w | AP1: b_d | AQ1: b_f | AR1: b_r | AS1: b_w | AU1: b_d | AV1: b_f | AW1: b_r | AX1: b_w | BA1: Avg B Retailer | BB1: Avg B Wholesaler | BC1: Avg B Distributor | BD1: Avg B Producer
A2: 0 | B2: 0 | C2: 0 | D2: 0 | E2: 0 | G2: 0 | H2: 0 | I2: 0 | J2: 0 | L2: 0 | M2: 0 | N2: 0 | O2: 0 | Q2: 0 | R2: 0 | S2: 0 | T2: 0 | V2: 0 | W2: 0 | X2: 0 | Y2: 0 | AA2: 0 | AB2: 0 | AC2: 0 | AD2: 0 | AF2: 0 | AG2: 0 | AH2: 0 | AI2: 0 | AK2: 0 | AL2: 0 | AM2: 0 | AN2: 0 | AP2: 0 | AQ2: 0 | AR2: 0 | AS2: 0 | AU2: 0 | AV2: 0 | AW2: 0 | AX2: 0 | BA2: =AVERAGE(B2,G2,L2,Q2,V2,AA2,AF2,AK2,AP2,AU2) -> 0 | BB2: =AVERAGE(C2,H2,M2,R2,W2,AB2,AG2,AL2,AQ2,AV2) -> 0 | BC2: =AVERAGE(D2,I2,N2,S2,X2,AC2,AH2,AM2,AR2,AW2) -> 0 | BD2: =AVERAGE(E2,J2,O2,T2,Y2,AD2,AI2,AN2,AS2,AX2) -> 0
A3: 1 | B3: 0 | C3: 0 | D3: 0 | E3: 0 | G3: 0 | H3: 0 | I3: 0 | J3: 0 | L3: 0 | M3: 0 | N3: 0 | O3: 0 | Q3: 0 | R3: 0 | S3: 0 | T3: 0 | V3: 0 | W3: 0 | X3: 0 | Y3: 0 | AA3: 0 | AB3: 0 | AC3: 0 | AD3: 0 | AF3: 0 | AG3: 0 | AH3: 0 | AI3: 0 | AK3: 0 | AL3: 0 | AM3: 0 | AN3: 0 | AP3: 0 | AQ3: 0 | AR3: 0 | AS3: 0 | AU3: 0 | AV3: 0 | AW3: 0 | AX3: 0 | BA3: =AVERAGE(B3,G3,L3,Q3,V3,AA3,AF3,AK3,AP3,AU3) -> 0 | BB3: =AVERAGE(C3,H3,M3,R3,W3,AB3,AG3,AL3,AQ3,AV3) -> 0 | BC3: =AVERAGE(D3,I3,N3,S3,X3,AC3,AH3,AM3,AR3,AW3) -> 0 | BD3: =AVERAGE(E3,J3,O3,T3,Y3,AD3,AI3,AN3,AS3,AX3) -> 0
A4: 2 | B4: 0 | C4: 0 | D4: 0 | E4: 0 | G4: 0 | H4: 0 | I4: 0 | J4: 0 | L4: 0 | M4: 0 | N4: 0 | O4: 0 | Q4: 0 | R4: 0 | S4: 0 | T4: 0 | V4: 0 | W4: 0 | X4: 0 | Y4: 0 | AA4: 0 | AB4: 0 | AC4: 0 | AD4: 0 | AF4: 0 | AG4: 0 | AH4: 0 | AI4: 0 | AK4: 0 | AL4: 0 | AM4: 0 | AN4: 0 | AP4: 0 | AQ4: 0 | AR4: 0 | AS4: 0 | AU4: 0 | AV4: 0 | AW4: 0 | AX4: 0 | BA4: =AVERAGE(B4,G4,L4,Q4,V4,AA4,AF4,AK4,AP4,AU4) -> 0 | BB4: =AVERAGE(C4,H4,M4,R4,W4,AB4,AG4,AL4,AQ4,AV4) -> 0 | BC4: =AVERAGE(D4,I4,N4,S4,X4,AC4,AH4,AM4,AR4,AW4) -> 0 | BD4: =AVERAGE(E4,J4,O4,T4,Y4,AD4,AI4,AN4,AS4,AX4) -> 0
A5: 3 | B5: 0 | C5: 0 | D5: 0 | E5: 0 | G5: 0 | H5: 0 | I5: 0 | J5: 0 | L5: 0 | M5: 0 | N5: 0 | O5: 0 | Q5: 0 | R5: 0 | S5: 0 | T5: 0 | V5: 0 | W5: 0 | X5: 0 | Y5: 0 | AA5: 0 | AB5: 0 | AC5: 0 | AD5: 0 | AF5: 0 | AG5: 0 | AH5: 0 | AI5: 0 | AK5: 0 | AL5: 0 | AM5: 0 | AN5: 0 | AP5: 0 | AQ5: 0 | AR5: 0 | AS5: 0 | AU5: 0 | AV5: 0 | AW5: 0 | AX5: 0 | BA5: =AVERAGE(B5,G5,L5,Q5,V5,AA5,AF5,AK5,AP5,AU5) -> 0 | BB5: =AVERAGE(C5,H5,M5,R5,W5,AB5,AG5,AL5,AQ5,AV5) -> 0 | BC5: =AVERAGE(D5,I5,N5,S5,X5,AC5,AH5,AM5,AR5,AW5) -> 0 | BD5: =AVERAGE(E5,J5,O5,T5,Y5,AD5,AI5,AN5,AS5,AX5) -> 0
A6: 4 | B6: 0 | C6: 0 | D6: 0 | E6: 0 | G6: 0 | H6: 0 | I6: 0 | J6: 0 | L6: 0 | M6: 0 | N6: 0 | O6: 0 | Q6: 0 | R6: 0 | S6: 0 | T6: 0 | V6: 0 | W6: 0 | X6: 0 | Y6: 0 | AA6: 0 | AB6: 0 | AC6: 0 | AD6: 0 | AF6: 0 | AG6: 0 | AH6: 0 | AI6: 0 | AK6: 0 | AL6: 0 | AM6: 0 | AN6: 0 | AP6: 0 | AQ6: 0 | AR6: 0 | AS6: 0 | AU6: 0 | AV6: 0 | AW6: 0 | AX6: 0 | BA6: =AVERAGE(B6,G6,L6,Q6,V6,AA6,AF6,AK6,AP6,AU6) -> 0 | BB6: =AVERAGE(C6,H6,M6,R6,W6,AB6,AG6,AL6,AQ6,AV6) -> 0 | BC6: =AVERAGE(D6,I6,N6,S6,X6,AC6,AH6,AM6,AR6,AW6) -> 0 | BD6: =AVERAGE(E6,J6,O6,T6,Y6,AD6,AI6,AN6,AS6,AX6) -> 0
A7: 5 | B7: 0 | C7: 0 | D7: 0 | E7: 0 | G7: 0 | H7: 0 | I7: 0 | J7: 0 | L7: 0 | M7: 0 | N7: 0 | O7: 0 | Q7: 0 | R7: 0 | S7: 0 | T7: 0 | V7: 0 | W7: 0 | X7: 0 | Y7: 0 | AA7: 0 | AB7: 0 | AC7: 0 | AD7: 0 | AF7: 0 | AG7: 0 | AH7: 0 | AI7: 0 | AK7: 0 | AL7: 0 | AM7: 0 | AN7: 0 | AP7: 0 | AQ7: 0 | AR7: 0 | AS7: 0 | AU7: 0 | AV7: 0 | AW7: 0 | AX7: 0 | BA7: =AVERAGE(B7,G7,L7,Q7,V7,AA7,AF7,AK7,AP7,AU7) -> 0 | BB7: =AVERAGE(C7,H7,M7,R7,W7,AB7,AG7,AL7,AQ7,AV7) -> 0 | BC7: =AVERAGE(D7,I7,N7,S7,X7,AC7,AH7,AM7,AR7,AW7) -> 0 | BD7: =AVERAGE(E7,J7,O7,T7,Y7,AD7,AI7,AN7,AS7,AX7) -> 0
A8: 6 | B8: 0 | C8: 0 | D8: 0 | E8: 0 | G8: 0 | H8: 0 | I8: 0 | J8: 0 | L8: 0 | M8: 0 | N8: 0 | O8: 0 | Q8: 0 | R8: 0 | S8: 0 | T8: 0 | V8: 0 | W8: 0 | X8: 0 | Y8: 0 | AA8: 0 | AB8: 0 | AC8: 0 | AD8: 0 | AF8: 0 | AG8: 0 | AH8: 0 | AI8: 0 | AK8: 0 | AL8: 0 | AM8: 0 | AN8: 0 | AP8: 0 | AQ8: 0 | AR8: 0 | AS8: 0 | AU8: 0 | AV8: 0 | AW8: 0 | AX8: 0 | BA8: =AVERAGE(B8,G8,L8,Q8,V8,AA8,AF8,AK8,AP8,AU8) -> 0 | BB8: =AVERAGE(C8,H8,M8,R8,W8,AB8,AG8,AL8,AQ8,AV8) -> 0 | BC8: =AVERAGE(D8,I8,N8,S8,X8,AC8,AH8,AM8,AR8,AW8) -> 0 | BD8: =AVERAGE(E8,J8,O8,T8,Y8,AD8,AI8,AN8,AS8,AX8) -> 0
A9: 7 | B9: 0 | C9: 0 | D9: 0 | E9: 0 | G9: 0 | H9: 0 | I9: 0 | J9: 0 | L9: 0 | M9: 0 | N9: 0 | O9: 0 | Q9: 0 | R9: 0 | S9: 0 | T9: 0 | V9: 0 | W9: 0 | X9: 0 | Y9: 0 | AA9: 0 | AB9: 0 | AC9: 0 | AD9: 0 | AF9: 0 | AG9: 0 | AH9: 0 | AI9: 0 | AK9: 0 | AL9: 0 | AM9: 0 | AN9: 0 | AP9: 0 | AQ9: 0 | AR9: 0 | AS9: 0 | AU9: 0 | AV9: 0 | AW9: 0 | AX9: 0 | BA9: =AVERAGE(B9,G9,L9,Q9,V9,AA9,AF9,AK9,AP9,AU9) -> 0 | BB9: =AVERAGE(C9,H9,M9,R9,W9,AB9,AG9,AL9,AQ9,AV9) -> 0 | BC9: =AVERAGE(D9,I9,N9,S9,X9,AC9,AH9,AM9,AR9,AW9) -> 0 | BD9: =AVERAGE(E9,J9,O9,T9,Y9,AD9,AI9,AN9,AS9,AX9) -> 0
A10: 8 | B10: 0 | C10: 0 | D10: 4 | E10: 0 | G10: 0 | H10: 0 | I10: 4 | J10: 0 | L10: 0 | M10: 0 | N10: 4 | O10: 0 | Q10: 0 | R10: 0 | S10: 4 | T10: 0 | V10: 0 | W10: 0 | X10: 4 | Y10: 0 | AA10: 0 | AB10: 0 | AC10: 4 | AD10: 0 | AF10: 0 | AG10: 0 | AH10: 4 | AI10: 0 | AK10: 0 | AL10: 0 | AM10: 4 | AN10: 0 | AP10: 0 | AQ10: 0 | AR10: 4 | AS10: 0 | AU10: 0 | AV10: 0 | AW10: 4 | AX10: 0 | BA10: =AVERAGE(B10,G10,L10,Q10,V10,AA10,AF10,AK10,AP10,AU10) -> 0 | BB10: =AVERAGE(C10,H10,M10,R10,W10,AB10,AG10,AL10,AQ10,AV10) -> 0 | BC10: =AVERAGE(D10,I10,N10,S10,X10,AC10,AH10,AM10,AR10,AW10) -> 4 | BD10: =AVERAGE(E10,J10,O10,T10,Y10,AD10,AI10,AN10,AS10,AX10) -> 0
A11: 9 | B11: 0 | C11: 0 | D11: 8 | E11: 1 | G11: 0 | H11: 0 | I11: 8 | J11: 1 | L11: 0 | M11: 0 | N11: 8 | O11: 1 | Q11: 0 | R11: 0 | S11: 8 | T11: 1 | V11: 0 | W11: 0 | X11: 8 | Y11: 1 | AA11: 0 | AB11: 0 | AC11: 8 | AD11: 1 | AF11: 0 | AG11: 0 | AH11: 8 | AI11: 1 | AK11: 0 | AL11: 0 | AM11: 8 | AN11: 1 | AP11: 0 | AQ11: 0 | AR11: 8 | AS11: 1 | AU11: 0 | AV11: 0 | AW11: 8 | AX11: 1 | BA11: =AVERAGE(B11,G11,L11,Q11,V11,AA11,AF11,AK11,AP11,AU11) -> 0 | BB11: =AVERAGE(C11,H11,M11,R11,W11,AB11,AG11,AL11,AQ11,AV11) -> 0 | BC11: =AVERAGE(D11,I11,N11,S11,X11,AC11,AH11,AM11,AR11,AW11) -> 8 | BD11: =AVERAGE(E11,J11,O11,T11,Y11,AD11,AI11,AN11,AS11,AX11) -> 1
A12: 10 | B12: 0 | C12: 0 | D12: 8 | E12: 11 | G12: 0 | H12: 0 | I12: 8 | J12: 11 | L12: 0 | M12: 0 | N12: 8 | O12: 11 | Q12: 0 | R12: 0 | S12: 8 | T12: 11 | V12: 0 | W12: 0 | X12: 8 | Y12: 11 | AA12: 0 | AB12: 0 | AC12: 8 | AD12: 11 | AF12: 0 | AG12: 0 | AH12: 8 | AI12: 11 | AK12: 0 | AL12: 0 | AM12: 8 | AN12: 11 | AP12: 0 | AQ12: 0 | AR12: 8 | AS12: 11 | AU12: 0 | AV12: 0 | AW12: 8 | AX12: 11 | BA12: =AVERAGE(B12,G12,L12,Q12,V12,AA12,AF12,AK12,AP12,AU12) -> 0 | BB12: =AVERAGE(C12,H12,M12,R12,W12,AB12,AG12,AL12,AQ12,AV12) -> 0 | BC12: =AVERAGE(D12,I12,N12,S12,X12,AC12,AH12,AM12,AR12,AW12) -> 8 | BD12: =AVERAGE(E12,J12,O12,T12,Y12,AD12,AI12,AN12,AS12,AX12) -> 11
A13: 11 | B13: 1 | C13: 0 | D13: 8 | E13: 20 | G13: 1 | H13: 0 | I13: 8 | J13: 20 | L13: 1 | M13: 0 | N13: 8 | O13: 20 | Q13: 1 | R13: 0 | S13: 8 | T13: 20 | V13: 1 | W13: 0 | X13: 8 | Y13: 20 | AA13: 1 | AB13: 0 | AC13: 8 | AD13: 20 | AF13: 1 | AG13: 0 | AH13: 8 | AI13: 20 | AK13: 1 | AL13: 0 | AM13: 8 | AN13: 20 | AP13: 1 | AQ13: 0 | AR13: 8 | AS13: 20 | AU13: 1 | AV13: 0 | AW13: 8 | AX13: 20 | BA13: =AVERAGE(B13,G13,L13,Q13,V13,AA13,AF13,AK13,AP13,AU13) -> 1 | BB13: =AVERAGE(C13,H13,M13,R13,W13,AB13,AG13,AL13,AQ13,AV13) -> 0 | BC13: =AVERAGE(D13,I13,N13,S13,X13,AC13,AH13,AM13,AR13,AW13) -> 8 | BD13: =AVERAGE(E13,J13,O13,T13,Y13,AD13,AI13,AN13,AS13,AX13) -> 20
... A38: 36 | B38: 29 | C38: 20 | D38: 11 | E38: 25 | G38: 29 | H38: 20 | I38: 11 | J38: 25 | L38: 29 | M38: 20 | N38: 11 | O38: 25 | Q38: 29 | R38: 20 | S38: 11 | T38: 25 | V38: 29 | W38: 20 | X38: 11 | Y38: 25 | AA38: 29 | AB38: 20 | AC38: 11 | AD38: 25 | AF38: 29 | AG38: 20 | AH38: 11 | AI38: 25 | AK38: 29 | AL38: 20 | AM38: 11 | AN38: 25 | AP38: 29 | AQ38: 20 | AR38: 11 | AS38: 25 | AU38: 29 | AV38: 20 | AW38: 11 | AX38: 25 | BA38: =AVERAGE(B38,G38,L38,Q38,V38,AA38,AF38,AK38,AP38,AU38) -> 29 | BB38: =AVERAGE(C38,H38,M38,R38,W38,AB38,AG38,AL38,AQ38,AV38) -> 20 | BC38: =AVERAGE(D38,I38,N38,S38,X38,AC38,AH38,AM38,AR38,AW38) -> 11 | BD38: =AVERAGE(E38,J38,O38,T38,Y38,AD38,AI38,AN38,AS38,AX38) -> 25
A40: TOTAL | B40: =SUM(B2:B38) -> 453 | C40: =SUM(C2:C38) -> 239 | D40: =SUM(D2:D38) -> 464 | E40: =SUM(E2:E38) -> 502 | G40: =SUM(G2:G38) -> 453 | H40: =SUM(H2:H38) -> 239 | I40: =SUM(I2:I38) -> 464 | J40: =SUM(J2:J38) -> 502 | L40: =SUM(L2:L38) -> 453 | M40: =SUM(M2:M38) -> 239 | N40: =SUM(N2:N38) -> 464 | O40: =SUM(O2:O38) -> 502 | Q40: =SUM(Q2:Q38) -> 453 | R40: =SUM(R2:R38) -> 239 | S40: =SUM(S2:S38) -> 464 | T40: =SUM(T2:T38) -> 502 | V40: =SUM(V2:V38) -> 453 | W40: =SUM(W2:W38) -> 239 | X40: =SUM(X2:X38) -> 464 | Y40: =SUM(Y2:Y38) -> 502 | AA40: =SUM(AA2:AA38) -> 453 | AB40: =SUM(AB2:AB38) -> 239 | AC40: =SUM(AC2:AC38) -> 464 | AD40: =SUM(AD2:AD38) -> 502 | AF40: =SUM(AF2:AF38) -> 453 | AG40: =SUM(AG2:AG38) -> 239 | AH40: =SUM(AH2:AH38) -> 464 | AI40: =SUM(AI2:AI38) -> 502 | AK40: =SUM(AK2:AK38) -> 453 | AL40: =SUM(AL2:AL38) -> 239 | AM40: =SUM(AM2:AM38) -> 464 | AN40: =SUM(AN2:AN38) -> 502 | AP40: =SUM(AP2:AP38) -> 453 | AQ40: =SUM(AQ2:AQ38) -> 239 | AR40: =SUM(AR2:AR38) -> 464 | AS40: =SUM(AS2:AS38) -> 502 | AU40: =SUM(AU2:AU38) -> 453 | AV40: =SUM(AV2:AV38) -> 239 | AW40: =SUM(AW2:AW38) -> 464 | AX40: =SUM(AX2:AX38) -> 502 | BA40: =SUM(BA2:BA38) -> 453 | BB40: =SUM(BB2:BB38) -> 239 | BC40: =SUM(BC2:BC38) -> 464 | BD40: =SUM(BD2:BD38) -> 502

Sheet Orders Baseline
A1: t | B1: endcd | C1: o_d | D1: o_r | E1: o_w | G1: endcd | H1: o_d | I1: o_r | J1: o_w | L1: endcd | M1: o_d | N1: o_r | O1: o_w | Q1: endcd | R1: o_d | S1: o_r | T1: o_w | V1: endcd | W1: o_d | X1: o_r | Y1: o_w | AA1: endcd | AB1: o_d | AC1: o_r | AD1: o_w | AF1: endcd | AG1: o_d | AH1: o_r | AI1: o_w | AK1: endcd | AL1: o_d | AM1: o_r | AN1: o_w | AP1: endcd | AQ1: o_d | AR1: o_r | AS1: o_w | AU1: endcd | AV1: o_d | AW1: o_r | AX1: o_w | AZ1: Avg O Retailer | BA1: Avg O Wholesaler | BB1: Avg O Distributor | BC1: Avg O Producer
A2: 0 | B2: 0 | C2: 0 | D2: 0 | E2: 0 | G2: 0 | H2: 0 | I2: 0 | J2: 0 | L2: 0 | M2: 0 | N2: 0 | O2: 0 | Q2: 0 | R2: 0 | S2: 0 | T2: 0 | V2: 0 | W2: 0 | X2: 0 | Y2: 0 | AA2: 0 | AB2: 0 | AC2: 0 | AD2: 0 | AF2: 0 | AG2: 0 | AH2: 0 | AI2: 0 | AK2: 0 | AL2: 0 | AM2: 0 | AN2: 0 | AP2: 0 | AQ2: 0 | AR2: 0 | AS2: 0 | AU2: 0 | AV2: 0 | AW2: 0 | AX2: 0 | AZ2: =AVERAGE(AU2,AP2,AK2,AF2,AA2,V2,Q2,L2,G2,B2) -> 0 | BA2: =AVERAGE(AV2,AQ2,AL2,AG2,AB2,W2,R2,M2,H2,C2) -> 0 | BB2: =AVERAGE(AW2,AR2,AM2,AH2,AC2,X2,S2,N2,I2,D2) -> 0 | BC2: =AVERAGE(AX2,AS2,AN2,AI2,AD2,Y2,T2,O2,J2,E2) -> 0
A3: 1 | B3: 4 | C3: 4 | D3: 4 | E3: 4 | G3: 4 | H3: 4 | I3: 4 | J3: 4 | L3: 4 | M3: 4 | N3: 4 | O3: 4 | Q3: 4 | R3: 4 | S3: 4 | T3: 4 | V3: 4 | W3: 4 | X3: 4 | Y3: 4 | AA3: 4 | AB3: 4 | AC3: 4 | AD3: 4 | AF3: 4 | AG3: 4 | AH3: 4 | AI3: 4 | AK3: 4 | AL3: 4 | AM3: 4 | AN3: 4 | AP3: 4 | AQ3: 4 | AR3: 4 | AS3: 4 | AU3: 4 | AV3: 4 | AW3: 4 | AX3: 4 | AZ3: =AVERAGE(AU3,AP3,AK3,AF3,AA3,V3,Q3,L3,G3,B3) -> 4 | BA3: =AVERAGE(AV3,AQ3,AL3,AG3,AB3,W3,R3,M3,H3,C3) -> 4 | BB3: =AVERAGE(AW3,AR3,AM3,AH3,AC3,X3,S3,N3,I3,D3) -> 4 | BC3: =AVERAGE(AX3,AS3,AN3,AI3,AD3,Y3,T3,O3,J3,E3) -> 4
A4: 2 | B4: 4 | C4: 4 | D4: 4 | E4: 4 | G4: 4 | H4: 4 | I4: 4 | J4: 4 | L4: 4 | M4: 4 | N4: 4 | O4: 4 | Q4: 4 | R4: 4 | S4: 4 | T4: 4 | V4: 4 | W4: 4 | X4: 4 | Y4: 4 | AA4: 4 | AB4: 4 | AC4: 4 | AD4: 4 | AF4: 4 | AG4: 4 | AH4: 4 | AI4: 4 | AK4: 4 | AL4: 4 | AM4: 4 | AN4: 4 | AP4: 4 | AQ4: 4 | AR4: 4 | AS4: 4 | AU4: 4 | AV4: 4 | AW4: 4 | AX4: 4 | AZ4: =AVERAGE(AU4,AP4,AK4,AF4,AA4,V4,Q4,L4,G4,B4) -> 4 | BA4: =AVERAGE(AV4,AQ4,AL4,AG4,AB4,W4,R4,M4,H4,C4) -> 4 | BB4: =AVERAGE(AW4,AR4,AM4,AH4,AC4,X4,S4,N4,I4,D4) -> 4 | BC4: =AVERAGE(AX4,AS4,AN4,AI4,AD4,Y4,T4,O4,J4,E4) -> 4
A5: 3 | B5: 4 | C5: 4 | D5: 4 | E5: 4 | G5: 4 | H5: 4 | I5: 4 | J5: 4 | L5: 4 | M5: 4 | N5: 4 | O5: 4 | Q5: 4 | R5: 4 | S5: 4 | T5: 4 | V5: 4 | W5: 4 | X5: 4 | Y5: 4 | AA5: 4 | AB5: 4 | AC5: 4 | AD5: 4 | AF5: 4 | AG5: 4 | AH5: 4 | AI5: 4 | AK5: 4 | AL5: 4 | AM5: 4 | AN5: 4 | AP5: 4 | AQ5: 4 | AR5: 4 | AS5: 4 | AU5: 4 | AV5: 4 | AW5: 4 | AX5: 4 | AZ5: =AVERAGE(AU5,AP5,AK5,AF5,AA5,V5,Q5,L5,G5,B5) -> 4 | BA5: =AVERAGE(AV5,AQ5,AL5,AG5,AB5,W5,R5,M5,H5,C5) -> 4 | BB5: =AVERAGE(AW5,AR5,AM5,AH5,AC5,X5,S5,N5,I5,D5) -> 4 | BC5: =AVERAGE(AX5,AS5,AN5,AI5,AD5,Y5,T5,O5,J5,E5) -> 4
A6: 4 | B6: 4 | C6: 4 | D6: 4 | E6: 4 | G6: 4 | H6: 4 | I6: 4 | J6: 4 | L6: 4 | M6: 4 | N6: 4 | O6: 4 | Q6: 4 | R6: 4 | S6: 4 | T6: 4 | V6: 4 | W6: 4 | X6: 4 | Y6: 4 | AA6: 4 | AB6: 4 | AC6: 4 | AD6: 4 | AF6: 4 | AG6: 4 | AH6: 4 | AI6: 4 | AK6: 4 | AL6: 4 | AM6: 4 | AN6: 4 | AP6: 4 | AQ6: 4 | AR6: 4 | AS6: 4 | AU6: 4 | AV6: 4 | AW6: 4 | AX6: 4 | AZ6: =AVERAGE(AU6,AP6,AK6,AF6,AA6,V6,Q6,L6,G6,B6) -> 4 | BA6: =AVERAGE(AV6,AQ6,AL6,AG6,AB6,W6,R6,M6,H6,C6) -> 4 | BB6: =AVERAGE(AW6,AR6,AM6,AH6,AC6,X6,S6,N6,I6,D6) -> 4 | BC6: =AVERAGE(AX6,AS6,AN6,AI6,AD6,Y6,T6,O6,J6,E6) -> 4
A7: 5 | B7: 8 | C7: 4 | D7: 4 | E7: 4 | G7: 8 | H7: 4 | I7: 4 | J7: 4 | L7: 8 | M7: 4 | N7: 4 | O7: 4 | Q7: 8 | R7: 4 | S7: 4 | T7: 4 | V7: 8 | W7: 4 | X7: 4 | Y7: 4 | AA7: 8 | AB7: 4 | AC7: 4 | AD7: 4 | AF7: 8 | AG7: 4 | AH7: 4 | AI7: 4 | AK7: 8 | AL7: 4 | AM7: 4 | AN7: 4 | AP7: 8 | AQ7: 4 | AR7: 4 | AS7: 4 | AU7: 8 | AV7: 4 | AW7: 4 | AX7: 4 | AZ7: =AVERAGE(AU7,AP7,AK7,AF7,AA7,V7,Q7,L7,G7,B7) -> 8 | BA7: =AVERAGE(AV7,AQ7,AL7,AG7,AB7,W7,R7,M7,H7,C7) -> 4 | BB7: =AVERAGE(AW7,AR7,AM7,AH7,AC7,X7,S7,N7,I7,D7) -> 4 | BC7: =AVERAGE(AX7,AS7,AN7,AI7,AD7,Y7,T7,O7,J7,E7) -> 4
A8: 6 | B8: 8 | C8: 0 | D8: 4 | E8: 0 | G8: 8 | H8: 0 | I8: 4 | J8: 0 | L8: 8 | M8: 0 | N8: 4 | O8: 0 | Q8: 8 | R8: 0 | S8: 4 | T8: 0 | V8: 8 | W8: 0 | X8: 4 | Y8: 0 | AA8: 8 | AB8: 0 | AC8: 4 | AD8: 0 | AF8: 8 | AG8: 0 | AH8: 4 | AI8: 0 | AK8: 8 | AL8: 0 | AM8: 4 | AN8: 0 | AP8: 8 | AQ8: 0 | AR8: 4 | AS8: 0 | AU8: 8 | AV8: 0 | AW8: 4 | AX8: 0 | AZ8: =AVERAGE(AU8,AP8,AK8,AF8,AA8,V8,Q8,L8,G8,B8) -> 8 | BA8: =AVERAGE(AV8,AQ8,AL8,AG8,AB8,W8,R8,M8,H8,C8) -> 0 | BB8: =AVERAGE(AW8,AR8,AM8,AH8,AC8,X8,S8,N8,I8,D8) -> 4 | BC8: =AVERAGE(AX8,AS8,AN8,AI8,AD8,Y8,T8,O8,J8,E8) -> 0
A9: 7 | B9: 8 | C9: 0 | D9: 8 | E9: 0 | G9: 8 | H9: 0 | I9: 8 | J9: 0 | L9: 8 | M9: 0 | N9: 8 | O9: 0 | Q9: 8 | R9: 0 | S9: 8 | T9: 0 | V9: 8 | W9: 0 | X9: 8 | Y9: 0 | AA9: 8 | AB9: 0 | AC9: 8 | AD9: 0 | AF9: 8 | AG9: 0 | AH9: 8 | AI9: 0 | AK9: 8 | AL9: 0 | AM9: 8 | AN9: 0 | AP9: 8 | AQ9: 0 | AR9: 8 | AS9: 0 | AU9: 8 | AV9: 0 | AW9: 8 | AX9: 0 | AZ9: =AVERAGE(AU9,AP9,AK9,AF9,AA9,V9,Q9,L9,G9,B9) -> 8 | BA9: =AVERAGE(AV9,AQ9,AL9,AG9,AB9,W9,R9,M9,H9,C9) -> 0 | BB9: =AVERAGE(AW9,AR9,AM9,AH9,AC9,X9,S9,N9,I9,D9) -> 8 | BC9: =AVERAGE(AX9,AS9,AN9,AI9,AD9,Y9,T9,O9,J9,E9) -> 0
A10: 8 | B10: 8 | C10: 0 | D10: 9 | E10: 1 | G10: 8 | H10: 0 | I10: 9 | J10: 1 | L10: 8 | M10: 0 | N10: 9 | O10: 1 | Q10: 8 | R10: 0 | S10: 9 | T10: 1 | V10: 8 | W10: 0 | X10: 9 | Y10: 1 | AA10: 8 | AB10: 0 | AC10: 9 | AD10: 1 | AF10: 8 | AG10: 0 | AH10: 9 | AI10: 1 | AK10: 8 | AL10: 0 | AM10: 9 | AN10: 1 | AP10: 8 | AQ10: 0 | AR10: 9 | AS10: 1 | AU10: 8 | AV10: 0 | AW10: 9 | AX10: 1 | AZ10: =AVERAGE(AU10,AP10,AK10,AF10,AA10,V10,Q10,L10,G10,B10) -> 8 | BA10: =AVERAGE(AV10,AQ10,AL10,AG10,AB10,W10,R10,M10,H10,C10) -> 0 | BB10: =AVERAGE(AW10,AR10,AM10,AH10,AC10,X10,S10,N10,I10,D10) -> 9 | BC10: =AVERAGE(AX10,AS10,AN10,AI10,AD10,Y10,T10,O10,J10,E10) -> 1
A11: 9 | B11: 8 | C11: 0 | D11: 10 | E11: 8 | G11: 8 | H11: 0 | I11: 10 | J11: 8 | L11: 8 | M11: 0 | N11: 10 | O11: 8 | Q11: 8 | R11: 0 | S11: 10 | T11: 8 | V11: 8 | W11: 0 | X11: 10 | Y11: 8 | AA11: 8 | AB11: 0 | AC11: 10 | AD11: 8 | AF11: 8 | AG11: 0 | AH11: 10 | AI11: 8 | AK11: 8 | AL11: 0 | AM11: 10 | AN11: 8 | AP11: 8 | AQ11: 0 | AR11: 10 | AS11: 8 | AU11: 8 | AV11: 0 | AW11: 10 | AX11: 8 | AZ11: =AVERAGE(AU11,AP11,AK11,AF11,AA11,V11,Q11,L11,G11,B11) -> 8 | BA11: =AVERAGE(AV11,AQ11,AL11,AG11,AB11,W11,R11,M11,H11,C11) -> 0 | BB11: =AVERAGE(AW11,AR11,AM11,AH11,AC11,X11,S11,N11,I11,D11) -> 10 | BC11: =AVERAGE(AX11,AS11,AN11,AI11,AD11,Y11,T11,O11,J11,E11) -> 8
A12: 10 | B12: 8 | C12: 0 | D12: 10 | E12: 12 | G12: 8 | H12: 0 | I12: 10 | J12: 12 | L12: 8 | M12: 0 | N12: 10 | O12: 12 | Q12: 8 | R12: 0 | S12: 10 | T12: 12 | V12: 8 | W12: 0 | X12: 10 | Y12: 12 | AA12: 8 | AB12: 0 | AC12: 10 | AD12: 12 | AF12: 8 | AG12: 0 | AH12: 10 | AI12: 12 | AK12: 8 | AL12: 0 | AM12: 10 | AN12: 12 | AP12: 8 | AQ12: 0 | AR12: 10 | AS12: 12 | AU12: 8 | AV12: 0 | AW12: 10 | AX12: 12 | AZ12: =AVERAGE(AU12,AP12,AK12,AF12,AA12,V12,Q12,L12,G12,B12) -> 8 | BA12: =AVERAGE(AV12,AQ12,AL12,AG12,AB12,W12,R12,M12,H12,C12) -> 0 | BB12: =AVERAGE(AW12,AR12,AM12,AH12,AC12,X12,S12,N12,I12,D12) -> 10 | BC12: =AVERAGE(AX12,AS12,AN12,AI12,AD12,Y12,T12,O12,J12,E12) -> 12
A13: 11 | B13: 8 | C13: 3 | D13: 10 | E13: 15 | G13: 8 | H13: 3 | I13: 10 | J13: 15 | L13: 8 | M13: 3 | N13: 10 | O13: 15 | Q13: 8 | R13: 3 | S13: 10 | T13: 15 | V13: 8 | W13: 3 | X13: 10 | Y13: 15 | AA13: 8 | AB13: 3 | AC13: 10 | AD13: 15 | AF13: 8 | AG13: 3 | AH13: 10 | AI13: 15 | AK13: 8 | AL13: 3 | AM13: 10 | AN13: 15 | AP13: 8 | AQ13: 3 | AR13: 10 | AS13: 15 | AU13: 8 | AV13: 3 | AW13: 10 | AX13: 15 | AZ13: =AVERAGE(AU13,AP13,AK13,AF13,AA13,V13,Q13,L13,G13,B13) -> 8 | BA13: =AVERAGE(AV13,AQ13,AL13,AG13,AB13,W13,R13,M13,H13,C13) -> 3 | BB13: =AVERAGE(AW13,AR13,AM13,AH13,AC13,X13,S13,N13,I13,D13) -> 10 | BC13: =AVERAGE(AX13,AS13,AN13,AI13,AD13,Y13,T13,O13,J13,E13) -> 15
... A38: 36 | B38: 8 | C38: 19 | D38: 8 | E38: 10 | G38: 8 | H38: 19 | I38: 8 | J38: 10 | L38: 8 | M38: 19 | N38: 8 | O38: 10 | Q38: 8 | R38: 19 | S38: 8 | T38: 10 | V38: 8 | W38: 19 | X38: 8 | Y38: 10 | AA38: 8 | AB38: 19 | AC38: 8 | AD38: 10 | AF38: 8 | AG38: 19 | AH38: 8 | AI38: 10 | AK38: 8 | AL38: 19 | AM38: 8 | AN38: 10 | AP38: 8 | AQ38: 19 | AR38: 8 | AS38: 10 | AU38: 8 | AV38: 19 | AW38: 8 | AX38: 10 | AZ38: =AVERAGE(AU38,AP38,AK38,AF38,AA38,V38,Q38,L38,G38,B38) -> 8 | BA38: =AVERAGE(AV38,AQ38,AL38,AG38,AB38,W38,R38,M38,H38,C38) -> 19 | BB38: =AVERAGE(AW38,AR38,AM38,AH38,AC38,X38,S38,N38,I38,D38) -> 8 | BC38: =AVERAGE(AX38,AS38,AN38,AI38,AD38,Y38,T38,O38,J38,E38) -> 10
A40: TOTAL | B40: =SUM(B2:B38) -> 272 | C40: =SUM(C2:C38) -> 268 | D40: =SUM(D2:D38) -> 274 | E40: =SUM(E2:E38) -> 272 | G40: =SUM(G2:G38) -> 272 | H40: =SUM(H2:H38) -> 268 | I40: =SUM(I2:I38) -> 274 | J40: =SUM(J2:J38) -> 272 | L40: =SUM(L2:L38) -> 272 | M40: =SUM(M2:M38) -> 268 | N40: =SUM(N2:N38) -> 274 | O40: =SUM(O2:O38) -> 272 | Q40: =SUM(Q2:Q38) -> 272 | R40: =SUM(R2:R38) -> 268 | S40: =SUM(S2:S38) -> 274 | T40: =SUM(T2:T38) -> 272 | V40: =SUM(V2:V38) -> 272 | W40: =SUM(W2:W38) -> 268 | X40: =SUM(X2:X38) -> 274 | Y40: =SUM(Y2:Y38) -> 272 | AA40: =SUM(AA2:AA38) -> 272 | AB40: =SUM(AB2:AB38) -> 268 | AC40: =SUM(AC2:AC38) -> 274 | AD40: =SUM(AD2:AD38) -> 272 | AF40: =SUM(AF2:AF38) -> 272 | AG40: =SUM(AG2:AG38) -> 268 | AH40: =SUM(AH2:AH38) -> 274 | AI40: =SUM(AI2:AI38) -> 272 | AK40: =SUM(AK2:AK38) -> 272 | AL40: =SUM(AL2:AL38) -> 268 | AM40: =SUM(AM2:AM38) -> 274 | AN40: =SUM(AN2:AN38) -> 272 | AP40: =SUM(AP2:AP38) -> 272 | AQ40: =SUM(AQ2:AQ38) -> 268 | AR40: =SUM(AR2:AR38) -> 274 | AS40: =SUM(AS2:AS38) -> 272 | AU40: =SUM(AU2:AU38) -> 272 | AV40: =SUM(AV2:AV38) -> 268 | AW40: =SUM(AW2:AW38) -> 274 | AX40: =SUM(AX2:AX38) -> 272 | BA40: =SUM(BA2:BA38) -> 268 | BB40: =SUM(BB2:BB38) -> 274 | BC40: =SUM(BC2:BC38) -> 272 | BD40: =SUM(BD2:BD38) -> 0

Sheet IHC Baseline
A1: t | B1: r | C1: w | D1: d | E1: f | F1: 1 | G1: r | H1: w | I1: d | J1: f | K1: 2 | L1: r | M1: w | N1: d | O1: f | P1: 3 | Q1: r | R1: w | S1: d | T1: f | U1: 4 | V1: r | W1: w | X1: d | Y1: f | Z1: 5 | AA1: r | AB1: w | AC1: d | AD1: f | AE1: 6 | AF1: r | AG1: w | AH1: d | AI1: f | AJ1: 7 | AK1: r | AL1: w | AM1: d | AN1: f | AO1: 8 | AP1: r | AQ1: w | AR1: d | AS1: f | AT1: 9 | AU1: r | AV1: w | AW1: d | AX1: f | AY1: Avg IHC Retailer | AZ1: Avg IHC Wholesaler | BA1: Avg IHC Distributor | BB1: Avg IHC Producer
A2: 0 | B2: 0 | C2: 0 | D2: 0 | E2: 0 | G2: 0 | H2: 0 | I2: 0 | J2: 0 | L2: 0 | M2: 0 | N2: 0 | O2: 0 | Q2: 0 | R2: 0 | S2: 0 | T2: 0 | V2: 0 | W2: 0 | X2: 0 | Y2: 0 | AA2: 0 | AB2: 0 | AC2: 0 | AD2: 0 | AF2: 0 | AG2: 0 | AH2: 0 | AI2: 0 | AK2: 0 | AL2: 0 | AM2: 0 | AN2: 0 | AP2: 0 | AQ2: 0 | AR2: 0 | AS2: 0 | AU2: 0 | AV2: 0 | AW2: 0 | AX2: 0 | AY2: =AVERAGE(B2,G2,L2,Q2,V2,AA2,AF2,AK2,AP2,AU2) -> 0 | AZ2: =AVERAGE(C2,H2,M2,R2,W2,AB2,AG2,AL2,AQ2,AV2) -> 0 | BA2: =AVERAGE(D2,I2,N2,S2,X2,AC2,AH2,AM2,AR2,AW2) -> 0 | BB2: =AVERAGE(E2,J2,O2,T2,Y2,AD2,AI2,AN2,AS2,AX2) -> 0
A3: 1 | B3: ='Inventory Baseline'!B3*0.5 -> 6 | C3: ='Inventory Baseline'!C3*0.5 -> 6 | D3: ='Inventory Baseline'!D3*0.5 -> 6 | E3: ='Inventory Baseline'!E3*0.5 -> 6 | G3: ='Inventory Baseline'!G3*0.5 -> 6 | H3: ='Inventory Baseline'!H3*0.5 -> 6 | I3: ='Inventory Baseline'!I3*0.5 -> 6 | J3: ='Inventory Baseline'!J3*0.5 -> 6 | L3: ='Inventory Baseline'!L3*0.5 -> 6 | M3: ='Inventory Baseline'!M3*0.5 -> 6 | N3: ='Inventory Baseline'!N3*0.5 -> 6 | O3: ='Inventory Baseline'!O3*0.5 -> 6 | Q3: ='Inventory Baseline'!Q3*0.5 -> 6 | R3: ='Inventory Baseline'!R3*0.5 -> 6 | S3: ='Inventory Baseline'!S3*0.5 -> 6 | T3: ='Inventory Baseline'!T3*0.5 -> 6 | V3: ='Inventory Baseline'!V3*0.5 -> 6 | W3: ='Inventory Baseline'!W3*0.5 -> 6 | X3: ='Inventory Baseline'!X3*0.5 -> 6 | Y3: ='Inventory Baseline'!Y3*0.5 -> 6 | AA3: ='Inventory Baseline'!AA3*0.5 -> 6 | AB3: ='Inventory Baseline'!AB3*0.5 -> 6 | AC3: ='Inventory Baseline'!AC3*0.5 -> 6 | AD3: ='Inventory Baseline'!AD3*0.5 -> 6 | AF3: ='Inventory Baseline'!AF3*0.5 -> 6 | AG3: ='Inventory Baseline'!AG3*0.5 -> 6 | AH3: ='Inventory Baseline'!AH3*0.5 -> 6 | AI3: ='Inventory Baseline'!AI3*0.5 -> 6 | AK3: ='Inventory Baseline'!AK3*0.5 -> 6 | AL3: ='Inventory Baseline'!AL3*0.5 -> 6 | AM3: ='Inventory Baseline'!AM3*0.5 -> 6 | AN3: ='Inventory Baseline'!AN3*0.5 -> 6 | AP3: ='Inventory Baseline'!AP3*0.5 -> 6 | AQ3: ='Inventory Baseline'!AQ3*0.5 -> 6 | AR3: ='Inventory Baseline'!AR3*0.5 -> 6 | AS3: ='Inventory Baseline'!AS3*0.5 -> 6 | AU3: ='Inventory Baseline'!AU3*0.5 -> 6 | AV3: ='Inventory Baseline'!AV3*0.5 -> 6 | AW3: ='Inventory Baseline'!AW3*0.5 -> 6 | AX3: ='Inventory Baseline'!AX3*0.5 -> 6 | AY3: =AVERAGE(B3,G3,L3,Q3,V3,AA3,AF3,AK3,AP3,AU3) -> 6 | AZ3: =AVERAGE(C3,H3,M3,R3,W3,AB3,AG3,AL3,AQ3,AV3) -> 6 | BA3: =AVERAGE(D3,I3,N3,S3,X3,AC3,AH3,AM3,AR3,AW3) -> 6 | BB3: =AVERAGE(E3,J3,O3,T3,Y3,AD3,AI3,AN3,AS3,AX3) -> 6
A4: 2 | B4: ='Inventory Baseline'!B4*0.5 -> 6 | C4: ='Inventory Baseline'!C4*0.5 -> 6 | D4: ='Inventory Baseline'!D4*0.5 -> 6 | E4: ='Inventory Baseline'!E4*0.5 -> 6 | G4: ='Inventory Baseline'!G4*0.5 -> 6 | H4: ='Inventory Baseline'!H4*0.5 -> 6 | I4: ='Inventory Baseline'!I4*0.5 -> 6 | J4: ='Inventory Baseline'!J4*0.5 -> 6 | L4: ='Inventory Baseline'!L4*0.5 -> 6 | M4: ='Inventory Baseline'!M4*0.5 -> 6 | N4: ='Inventory Baseline'!N4*0.5 -> 6 | O4: ='Inventory Baseline'!O4*0.5 -> 6 | Q4: ='Inventory Baseline'!Q4*0.5 -> 6 | R4: ='Inventory Baseline'!R4*0.5 -> 6 | S4: ='Inventory Baseline'!S4*0.5 -> 6 | T4: ='Inventory Baseline'!T4*0.5 -> 6 | V4: ='Inventory Baseline'!V4*0.5 -> 6 | W4: ='Inventory Baseline'!W4*0.5 -> 6 | X4: ='Inventory Baseline'!X4*0.5 -> 6 | Y4: ='Inventory Baseline'!Y4*0.5 -> 6 | AA4: ='Inventory Baseline'!AA4*0.5 -> 6 | AB4: ='Inventory Baseline'!AB4*0.5 -> 6 | AC4: ='Inventory Baseline'!AC4*0.5 -> 6 | AD4: ='Inventory Baseline'!AD4*0.5 -> 6 | AF4: ='Inventory Baseline'!AF4*0.5 -> 6 | AG4: ='Inventory Baseline'!AG4*0.5 -> 6 | AH4: ='Inventory Baseline'!AH4*0.5 -> 6 | AI4: ='Inventory Baseline'!AI4*0.5 -> 6 | AK4: ='Inventory Baseline'!AK4*0.5 -> 6 | AL4: ='Inventory Baseline'!AL4*0.5 -> 6 | AM4: ='Inventory Baseline'!AM4*0.5 -> 6 | AN4: ='Inventory Baseline'!AN4*0.5 -> 6 | AP4: ='Inventory Baseline'!AP4*0.5 -> 6 | AQ4: ='Inventory Baseline'!AQ4*0.5 -> 6 | AR4: ='Inventory Baseline'!AR4*0.5 -> 6 | AS4: ='Inventory Baseline'!AS4*0.5 -> 6 | AU4: ='Inventory Baseline'!AU4*0.5 -> 6 | AV4: ='Inventory Baseline'!AV4*0.5 -> 6 | AW4: ='Inventory Baseline'!AW4*0.5 -> 6 | AX4: ='Inventory Baseline'!AX4*0.5 -> 6 | AY4: =AVERAGE(B4,G4,L4,Q4,V4,AA4,AF4,AK4,AP4,AU4) -> 6 | AZ4: =AVERAGE(C4,H4,M4,R4,W4,AB4,AG4,AL4,AQ4,AV4) -> 6 | BA4: =AVERAGE(D4,I4,N4,S4,X4,AC4,AH4,AM4,AR4,AW4) -> 6 | BB4: =AVERAGE(E4,J4,O4,T4,Y4,AD4,AI4,AN4,AS4,AX4) -> 6
A5: 3 | B5: ='Inventory Baseline'!B5*0.5 -> 6 | C5: ='Inventory Baseline'!C5*0.5 -> 6 | D5: ='Inventory Baseline'!D5*0.5 -> 6 | E5: ='Inventory Baseline'!E5*0.5 -> 6 | G5: ='Inventory Baseline'!G5*0.5 -> 6 | H5: ='Inventory Baseline'!H5*0.5 -> 6 | I5: ='Inventory Baseline'!I5*0.5 -> 6 | J5: ='Inventory Baseline'!J5*0.5 -> 6 | L5: ='Inventory Baseline'!L5*0.5 -> 6 | M5: ='Inventory Baseline'!M5*0.5 -> 6 | N5: ='Inventory Baseline'!N5*0.5 -> 6 | O5: ='Inventory Baseline'!O5*0.5 -> 6 | Q5: ='Inventory Baseline'!Q5*0.5 -> 6 | R5: ='Inventory Baseline'!R5*0.5 -> 6 | S5: ='Inventory Baseline'!S5*0.5 -> 6 | T5: ='Inventory Baseline'!T5*0.5 -> 6 | V5: ='Inventory Baseline'!V5*0.5 -> 6 | W5: ='Inventory Baseline'!W5*0.5 -> 6 | X5: ='Inventory Baseline'!X5*0.5 -> 6 | Y5: ='Inventory Baseline'!Y5*0.5 -> 6 | AA5: ='Inventory Baseline'!AA5*0.5 -> 6 | AB5: ='Inventory Baseline'!AB5*0.5 -> 6 | AC5: ='Inventory Baseline'!AC5*0.5 -> 6 | AD5: ='Inventory Baseline'!AD5*0.5 -> 6 | AF5: ='Inventory Baseline'!AF5*0.5 -> 6 | AG5: ='Inventory Baseline'!AG5*0.5 -> 6 | AH5: ='Inventory Baseline'!AH5*0.5 -> 6 | AI5: ='Inventory Baseline'!AI5*0.5 -> 6 | AK5: ='Inventory Baseline'!AK5*0.5 -> 6 | AL5: ='Inventory Baseline'!AL5*0.5 -> 6 | AM5: ='Inventory Baseline'!AM5*0.5 -> 6 | AN5: ='Inventory Baseline'!AN5*0.5 -> 6 | AP5: ='Inventory Baseline'!AP5*0.5 -> 6 | AQ5: ='Inventory Baseline'!AQ5*0.5 -> 6 | AR5: ='Inventory Baseline'!AR5*0.5 -> 6 | AS5: ='Inventory Baseline'!AS5*0.5 -> 6 | AU5: ='Inventory Baseline'!AU5*0.5 -> 6 | AV5: ='Inventory Baseline'!AV5*0.5 -> 6 | AW5: ='Inventory Baseline'!AW5*0.5 -> 6 | AX5: ='Inventory Baseline'!AX5*0.5 -> 6 | AY5: =AVERAGE(B5,G5,L5,Q5,V5,AA5,AF5,AK5,AP5,AU5) -> 6 | AZ5: =AVERAGE(C5,H5,M5,R5,W5,AB5,AG5,AL5,AQ5,AV5) -> 6 | BA5: =AVERAGE(D5,I5,N5,S5,X5,AC5,AH5,AM5,AR5,AW5) -> 6 | BB5: =AVERAGE(E5,J5,O5,T5,Y5,AD5,AI5,AN5,AS5,AX5) -> 6
A6: 4 | B6: ='Inventory Baseline'!B6*0.5 -> 6 | C6: ='Inventory Baseline'!C6*0.5 -> 6 | D6: ='Inventory Baseline'!D6*0.5 -> 6 | E6: ='Inventory Baseline'!E6*0.5 -> 6 | G6: ='Inventory Baseline'!G6*0.5 -> 6 | H6: ='Inventory Baseline'!H6*0.5 -> 6 | I6: ='Inventory Baseline'!I6*0.5 -> 6 | J6: ='Inventory Baseline'!J6*0.5 -> 6 | L6: ='Inventory Baseline'!L6*0.5 -> 6 | M6: ='Inventory Baseline'!M6*0.5 -> 6 | N6: ='Inventory Baseline'!N6*0.5 -> 6 | O6: ='Inventory Baseline'!O6*0.5 -> 6 | Q6: ='Inventory Baseline'!Q6*0.5 -> 6 | R6: ='Inventory Baseline'!R6*0.5 -> 6 | S6: ='Inventory Baseline'!S6*0.5 -> 6 | T6: ='Inventory Baseline'!T6*0.5 -> 6 | V6: ='Inventory Baseline'!V6*0.5 -> 6 | W6: ='Inventory Baseline'!W6*0.5 -> 6 | X6: ='Inventory Baseline'!X6*0.5 -> 6 | Y6: ='Inventory Baseline'!Y6*0.5 -> 6 | AA6: ='Inventory Baseline'!AA6*0.5 -> 6 | AB6: ='Inventory Baseline'!AB6*0.5 -> 6 | AC6: ='Inventory Baseline'!AC6*0.5 -> 6 | AD6: ='Inventory Baseline'!AD6*0.5 -> 6 | AF6: ='Inventory Baseline'!AF6*0.5 -> 6 | AG6: ='Inventory Baseline'!AG6*0.5 -> 6 | AH6: ='Inventory Baseline'!AH6*0.5 -> 6 | AI6: ='Inventory Baseline'!AI6*0.5 -> 6 | AK6: ='Inventory Baseline'!AK6*0.5 -> 6 | AL6: ='Inventory Baseline'!AL6*0.5 -> 6 | AM6: ='Inventory Baseline'!AM6*0.5 -> 6 | AN6: ='Inventory Baseline'!AN6*0.5 -> 6 | AP6: ='Inventory Baseline'!AP6*0.5 -> 6 | AQ6: ='Inventory Baseline'!AQ6*0.5 -> 6 | AR6: ='Inventory Baseline'!AR6*0.5 -> 6 | AS6: ='Inventory Baseline'!AS6*0.5 -> 6 | AU6: ='Inventory Baseline'!AU6*0.5 -> 6 | AV6: ='Inventory Baseline'!AV6*0.5 -> 6 | AW6: ='Inventory Baseline'!AW6*0.5 -> 6 | AX6: ='Inventory Baseline'!AX6*0.5 -> 6 | AY6: =AVERAGE(B6,G6,L6,Q6,V6,AA6,AF6,AK6,AP6,AU6) -> 6 | AZ6: =AVERAGE(C6,H6,M6,R6,W6,AB6,AG6,AL6,AQ6,AV6) -> 6 | BA6: =AVERAGE(D6,I6,N6,S6,X6,AC6,AH6,AM6,AR6,AW6) -> 6 | BB6: =AVERAGE(E6,J6,O6,T6,Y6,AD6,AI6,AN6,AS6,AX6) -> 6
A7: 5 | B7: ='Inventory Baseline'!B7*0.5 -> 6 | C7: ='Inventory Baseline'!C7*0.5 -> 6 | D7: ='Inventory Baseline'!D7*0.5 -> 4 | E7: ='Inventory Baseline'!E7*0.5 -> 6 | G7: ='Inventory Baseline'!G7*0.5 -> 6 | H7: ='Inventory Baseline'!H7*0.5 -> 6 | I7: ='Inventory Baseline'!I7*0.5 -> 4 | J7: ='Inventory Baseline'!J7*0.5 -> 6 | L7: ='Inventory Baseline'!L7*0.5 -> 6 | M7: ='Inventory Baseline'!M7*0.5 -> 6 | N7: ='Inventory Baseline'!N7*0.5 -> 4 | O7: ='Inventory Baseline'!O7*0.5 -> 6 | Q7: ='Inventory Baseline'!Q7*0.5 -> 6 | R7: ='Inventory Baseline'!R7*0.5 -> 6 | S7: ='Inventory Baseline'!S7*0.5 -> 4 | T7: ='Inventory Baseline'!T7*0.5 -> 6 | V7: ='Inventory Baseline'!V7*0.5 -> 6 | W7: ='Inventory Baseline'!W7*0.5 -> 6 | X7: ='Inventory Baseline'!X7*0.5 -> 4 | Y7: ='Inventory Baseline'!Y7*0.5 -> 6 | AA7: ='Inventory Baseline'!AA7*0.5 -> 6 | AB7: ='Inventory Baseline'!AB7*0.5 -> 6 | AC7: ='Inventory Baseline'!AC7*0.5 -> 4 | AD7: ='Inventory Baseline'!AD7*0.5 -> 6 | AF7: ='Inventory Baseline'!AF7*0.5 -> 6 | AG7: ='Inventory Baseline'!AG7*0.5 -> 6 | AH7: ='Inventory Baseline'!AH7*0.5 -> 4 | AI7: ='Inventory Baseline'!AI7*0.5 -> 6 | AK7: ='Inventory Baseline'!AK7*0.5 -> 6 | AL7: ='Inventory Baseline'!AL7*0.5 -> 6 | AM7: ='Inventory Baseline'!AM7*0.5 -> 4 | AN7: ='Inventory Baseline'!AN7*0.5 -> 6 | AP7: ='Inventory Baseline'!AP7*0.5 -> 6 | AQ7: ='Inventory Baseline'!AQ7*0.5 -> 6 | AR7: ='Inventory Baseline'!AR7*0.5 -> 4 | AS7: ='Inventory Baseline'!AS7*0.5 -> 6 | AU7: ='Inventory Baseline'!AU7*0.5 -> 6 | AV7: ='Inventory Baseline'!AV7*0.5 -> 6 | AW7: ='Inventory Baseline'!AW7*0.5 -> 4 | AX7: ='Inventory Baseline'!AX7*0.5 -> 6 | AY7: =AVERAGE(B7,G7,L7,Q7,V7,AA7,AF7,AK7,AP7,AU7) -> 6 | AZ7: =AVERAGE(C7,H7,M7,R7,W7,AB7,AG7,AL7,AQ7,AV7) -> 6 | BA7: =AVERAGE(D7,I7,N7,S7,X7,AC7,AH7,AM7,AR7,AW7) -> 4 | BB7: =AVERAGE(E7,J7,O7,T7,Y7,AD7,AI7,AN7,AS7,AX7) -> 6
A8: 6 | B8: ='Inventory Baseline'!B8*0.5 -> 6 | C8: ='Inventory Baseline'!C8*0.5 -> 6 | D8: ='Inventory Baseline'!D8*0.5 -> 2 | E8: ='Inventory Baseline'!E8*0.5 -> 6 | G8: ='Inventory Baseline'!G8*0.5 -> 6 | H8: ='Inventory Baseline'!H8*0.5 -> 6 | I8: ='Inventory Baseline'!I8*0.5 -> 2 | J8: ='Inventory Baseline'!J8*0.5 -> 6 | L8: ='Inventory Baseline'!L8*0.5 -> 6 | M8: ='Inventory Baseline'!M8*0.5 -> 6 | N8: ='Inventory Baseline'!N8*0.5 -> 2 | O8: ='Inventory Baseline'!O8*0.5 -> 6 | Q8: ='Inventory Baseline'!Q8*0.5 -> 6 | R8: ='Inventory Baseline'!R8*0.5 -> 6 | S8: ='Inventory Baseline'!S8*0.5 -> 2 | T8: ='Inventory Baseline'!T8*0.5 -> 6 | V8: ='Inventory Baseline'!V8*0.5 -> 6 | W8: ='Inventory Baseline'!W8*0.5 -> 6 | X8: ='Inventory Baseline'!X8*0.5 -> 2 | Y8: ='Inventory Baseline'!Y8*0.5 -> 6 | AA8: ='Inventory Baseline'!AA8*0.5 -> 6 | AB8: ='Inventory Baseline'!AB8*0.5 -> 6 | AC8: ='Inventory Baseline'!AC8*0.5 -> 2 | AD8: ='Inventory Baseline'!AD8*0.5 -> 6 | AF8: ='Inventory Baseline'!AF8*0.5 -> 6 | AG8: ='Inventory Baseline'!AG8*0.5 -> 6 | AH8: ='Inventory Baseline'!AH8*0.5 -> 2 | AI8: ='Inventory Baseline'!AI8*0.5 -> 6 | AK8: ='Inventory Baseline'!AK8*0.5 -> 6 | AL8: ='Inventory Baseline'!AL8*0.5 -> 6 | AM8: ='Inventory Baseline'!AM8*0.5 -> 2 | AN8: ='Inventory Baseline'!AN8*0.5 -> 6 | AP8: ='Inventory Baseline'!AP8*0.5 -> 6 | AQ8: ='Inventory Baseline'!AQ8*0.5 -> 6 | AR8: ='Inventory Baseline'!AR8*0.5 -> 2 | AS8: ='Inventory Baseline'!AS8*0.5 -> 6 | AU8: ='Inventory Baseline'!AU8*0.5 -> 6 | AV8: ='Inventory Baseline'!AV8*0.5 -> 6 | AW8: ='Inventory Baseline'!AW8*0.5 -> 2 | AX8: ='Inventory Baseline'!AX8*0.5 -> 6 | AY8: =AVERAGE(B8,G8,L8,Q8,V8,AA8,AF8,AK8,AP8,AU8) -> 6 | AZ8: =AVERAGE(C8,H8,M8,R8,W8,AB8,AG8,AL8,AQ8,AV8) -> 6 | BA8: =AVERAGE(D8,I8,N8,S8,X8,AC8,AH8,AM8,AR8,AW8) -> 2 | BB8: =AVERAGE(E8,J8,O8,T8,Y8,AD8,AI8,AN8,AS8,AX8) -> 6
A9: 7 | B9: ='Inventory Baseline'!B9*0.5 -> 8 | C9: ='Inventory Baseline'!C9*0.5 -> 8 | D9: ='Inventory Baseline'!D9*0.5 -> 0 | E9: ='Inventory Baseline'!E9*0.5 -> 6 | G9: ='Inventory Baseline'!G9*0.5 -> 8 | H9: ='Inventory Baseline'!H9*0.5 -> 8 | I9: ='Inventory Baseline'!I9*0.5 -> 0 | J9: ='Inventory Baseline'!J9*0.5 -> 6 | L9: ='Inventory Baseline'!L9*0.5 -> 8 | M9: ='Inventory Baseline'!M9*0.5 -> 8 | N9: ='Inventory Baseline'!N9*0.5 -> 0 | O9: ='Inventory Baseline'!O9*0.5 -> 6 | Q9: ='Inventory Baseline'!Q9*0.5 -> 8 | R9: ='Inventory Baseline'!R9*0.5 -> 8 | S9: ='Inventory Baseline'!S9*0.5 -> 0 | T9: ='Inventory Baseline'!T9*0.5 -> 6 | V9: ='Inventory Baseline'!V9*0.5 -> 8 | W9: ='Inventory Baseline'!W9*0.5 -> 8 | X9: ='Inventory Baseline'!X9*0.5 -> 0 | Y9: ='Inventory Baseline'!Y9*0.5 -> 6 | AA9: ='Inventory Baseline'!AA9*0.5 -> 8 | AB9: ='Inventory Baseline'!AB9*0.5 -> 8 | AC9: ='Inventory Baseline'!AC9*0.5 -> 0 | AD9: ='Inventory Baseline'!AD9*0.5 -> 6 | AF9: ='Inventory Baseline'!AF9*0.5 -> 8 | AG9: ='Inventory Baseline'!AG9*0.5 -> 8 | AH9: ='Inventory Baseline'!AH9*0.5 -> 0 | AI9: ='Inventory Baseline'!AI9*0.5 -> 6 | AK9: ='Inventory Baseline'!AK9*0.5 -> 8 | AL9: ='Inventory Baseline'!AL9*0.5 -> 8 | AM9: ='Inventory Baseline'!AM9*0.5 -> 0 | AN9: ='Inventory Baseline'!AN9*0.5 -> 6 | AP9: ='Inventory Baseline'!AP9*0.5 -> 8 | AQ9: ='Inventory Baseline'!AQ9*0.5 -> 8 | AR9: ='Inventory Baseline'!AR9*0.5 -> 0 | AS9: ='Inventory Baseline'!AS9*0.5 -> 6 | AU9: ='Inventory Baseline'!AU9*0.5 -> 8 | AV9: ='Inventory Baseline'!AV9*0.5 -> 8 | AW9: ='Inventory Baseline'!AW9*0.5 -> 0 | AX9: ='Inventory Baseline'!AX9*0.5 -> 6 | AY9: =AVERAGE(B9,G9,L9,Q9,V9,AA9,AF9,AK9,AP9,AU9) -> 8 | AZ9: =AVERAGE(C9,H9,M9,R9,W9,AB9,AG9,AL9,AQ9,AV9) -> 8 | BA9: =AVERAGE(D9,I9,N9,S9,X9,AC9,AH9,AM9,AR9,AW9) -> 0 | BB9: =AVERAGE(E9,J9,O9,T9,Y9,AD9,AI9,AN9,AS9,AX9) -> 6
A10: 8 | B10: ='Inventory Baseline'!B10*0.5 -> 10 | C10: ='Inventory Baseline'!C10*0.5 -> 8 | D10: ='Inventory Baseline'!D10*0.5 -> 0 | E10: ='Inventory Baseline'!E10*0.5 -> 4 | G10: ='Inventory Baseline'!G10*0.5 -> 10 | H10: ='Inventory Baseline'!H10*0.5 -> 8 | I10: ='Inventory Baseline'!I10*0.5 -> 0 | J10: ='Inventory Baseline'!J10*0.5 -> 4 | L10: ='Inventory Baseline'!L10*0.5 -> 10 | M10: ='Inventory Baseline'!M10*0.5 -> 8 | N10: ='Inventory Baseline'!N10*0.5 -> 0 | O10: ='Inventory Baseline'!O10*0.5 -> 4 | Q10: ='Inventory Baseline'!Q10*0.5 -> 10 | R10: ='Inventory Baseline'!R10*0.5 -> 8 | S10: ='Inventory Baseline'!S10*0.5 -> 0 | T10: ='Inventory Baseline'!T10*0.5 -> 4 | V10: ='Inventory Baseline'!V10*0.5 -> 10 | W10: ='Inventory Baseline'!W10*0.5 -> 8 | X10: ='Inventory Baseline'!X10*0.5 -> 0 | Y10: ='Inventory Baseline'!Y10*0.5 -> 4 | AA10: ='Inventory Baseline'!AA10*0.5 -> 10 | AB10: ='Inventory Baseline'!AB10*0.5 -> 8 | AC10: ='Inventory Baseline'!AC10*0.5 -> 0 | AD10: ='Inventory Baseline'!AD10*0.5 -> 4 | AF10: ='Inventory Baseline'!AF10*0.5 -> 10 | AG10: ='Inventory Baseline'!AG10*0.5 -> 8 | AH10: ='Inventory Baseline'!AH10*0.5 -> 0 | AI10: ='Inventory Baseline'!AI10*0.5 -> 4 | AK10: ='Inventory Baseline'!AK10*0.5 -> 10 | AL10: ='Inventory Baseline'!AL10*0.5 -> 8 | AM10: ='Inventory Baseline'!AM10*0.5 -> 0 | AN10: ='Inventory Baseline'!AN10*0.5 -> 4 | AP10: ='Inventory Baseline'!AP10*0.5 -> 10 | AQ10: ='Inventory Baseline'!AQ10*0.5 -> 8 | AR10: ='Inventory Baseline'!AR10*0.5 -> 0 | AS10: ='Inventory Baseline'!AS10*0.5 -> 4 | AU10: ='Inventory Baseline'!AU10*0.5 -> 10 | AV10: ='Inventory Baseline'!AV10*0.5 -> 8 | AW10: ='Inventory Baseline'!AW10*0.5 -> 0 | AX10: ='Inventory Baseline'!AX10*0.5 -> 4 | AY10: =AVERAGE(B10,G10,L10,Q10,V10,AA10,AF10,AK10,AP10,AU10) -> 10 | AZ10: =AVERAGE(C10,H10,M10,R10,W10,AB10,AG10,AL10,AQ10,AV10) -> 8 | BA10: =AVERAGE(D10,I10,N10,S10,X10,AC10,AH10,AM10,AR10,AW10) -> 0 | BB10: =AVERAGE(E10,J10,O10,T10,Y10,AD10,AI10,AN10,AS10,AX10) -> 4
A11: 9 | B11: ='Inventory Baseline'!B11*0.5 -> 9.5 | C11: ='Inventory Baseline'!C11*0.5 -> 8 | D11: ='Inventory Baseline'!D11*0.5 -> 0 | E11: ='Inventory Baseline'!E11*0.5 -> 0 | G11: ='Inventory Baseline'!G11*0.5 -> 9.5 | H11: ='Inventory Baseline'!H11*0.5 -> 8 | I11: ='Inventory Baseline'!I11*0.5 -> 0 | J11: ='Inventory Baseline'!J11*0.5 -> 0 | L11: ='Inventory Baseline'!L11*0.5 -> 9.5 | M11: ='Inventory Baseline'!M11*0.5 -> 8 | N11: ='Inventory Baseline'!N11*0.5 -> 0 | O11: ='Inventory Baseline'!O11*0.5 -> 0 | Q11: ='Inventory Baseline'!Q11*0.5 -> 9.5 | R11: ='Inventory Baseline'!R11*0.5 -> 8 | S11: ='Inventory Baseline'!S11*0.5 -> 0 | T11: ='Inventory Baseline'!T11*0.5 -> 0 | V11: ='Inventory Baseline'!V11*0.5 -> 9.5 | W11: ='Inventory Baseline'!W11*0.5 -> 8 | X11: ='Inventory Baseline'!X11*0.5 -> 0 | Y11: ='Inventory Baseline'!Y11*0.5 -> 0 | AA11: ='Inventory Baseline'!AA11*0.5 -> 9.5 | AB11: ='Inventory Baseline'!AB11*0.5 -> 8 | AC11: ='Inventory Baseline'!AC11*0.5 -> 0 | AD11: ='Inventory Baseline'!AD11*0.5 -> 0 | AF11: ='Inventory Baseline'!AF11*0.5 -> 9.5 | AG11: ='Inventory Baseline'!AG11*0.5 -> 8 | AH11: ='Inventory Baseline'!AH11*0.5 -> 0 | AI11: ='Inventory Baseline'!AI11*0.5 -> 0 | AK11: ='Inventory Baseline'!AK11*0.5 -> 9.5 | AL11: ='Inventory Baseline'!AL11*0.5 -> 8 | AM11: ='Inventory Baseline'!AM11*0.5 -> 0 | AN11: ='Inventory Baseline'!AN11*0.5 -> 0 | AP11: ='Inventory Baseline'!AP11*0.5 -> 9.5 | AQ11: ='Inventory Baseline'!AQ11*0.5 -> 8 | AR11: ='Inventory Baseline'!AR11*0.5 -> 0 | AS11: ='Inventory Baseline'!AS11*0.5 -> 0 | AU11: ='Inventory Baseline'!AU11*0.5 -> 9.5 | AV11: ='Inventory Baseline'!AV11*0.5 -> 8 | AW11: ='Inventory Baseline'!AW11*0.5 -> 0 | AX11: ='Inventory Baseline'!AX11*0.5 -> 0 | AY11: =AVERAGE(B11,G11,L11,Q11,V11,AA11,AF11,AK11,AP11,AU11) -> 9.5 | AZ11: =AVERAGE(C11,H11,M11,R11,W11,AB11,AG11,AL11,AQ11,AV11) -> 8 | BA11: =AVERAGE(D11,I11,N11,S11,X11,AC11,AH11,AM11,AR11,AW11) -> 0 | BB11: =AVERAGE(E11,J11,O11,T11,Y11,AD11,AI11,AN11,AS11,AX11) -> 0
A12: 10 | B12: ='Inventory Baseline'!B12*0.5 -> 5.5 | C12: ='Inventory Baseline'!C12*0.5 -> 8 | D12: ='Inventory Baseline'!D12*0.5 -> 0 | E12: ='Inventory Baseline'!E12*0.5 -> 0 | G12: ='Inventory Baseline'!G12*0.5 -> 5.5 | H12: ='Inventory Baseline'!H12*0.5 -> 8 | I12: ='Inventory Baseline'!I12*0.5 -> 0 | J12: ='Inventory Baseline'!J12*0.5 -> 0 | L12: ='Inventory Baseline'!L12*0.5 -> 5.5 | M12: ='Inventory Baseline'!M12*0.5 -> 8 | N12: ='Inventory Baseline'!N12*0.5 -> 0 | O12: ='Inventory Baseline'!O12*0.5 -> 0 | Q12: ='Inventory Baseline'!Q12*0.5 -> 5.5 | R12: ='Inventory Baseline'!R12*0.5 -> 8 | S12: ='Inventory Baseline'!S12*0.5 -> 0 | T12: ='Inventory Baseline'!T12*0.5 -> 0 | V12: ='Inventory Baseline'!V12*0.5 -> 5.5 | W12: ='Inventory Baseline'!W12*0.5 -> 8 | X12: ='Inventory Baseline'!X12*0.5 -> 0 | Y12: ='Inventory Baseline'!Y12*0.5 -> 0 | AA12: ='Inventory Baseline'!AA12*0.5 -> 5.5 | AB12: ='Inventory Baseline'!AB12*0.5 -> 8 | AC12: ='Inventory Baseline'!AC12*0.5 -> 0 | AD12: ='Inventory Baseline'!AD12*0.5 -> 0 | AF12: ='Inventory Baseline'!AF12*0.5 -> 5.5 | AG12: ='Inventory Baseline'!AG12*0.5 -> 8 | AH12: ='Inventory Baseline'!AH12*0.5 -> 0 | AI12: ='Inventory Baseline'!AI12*0.5 -> 0 | AK12: ='Inventory Baseline'!AK12*0.5 -> 5.5 | AL12: ='Inventory Baseline'!AL12*0.5 -> 8 | AM12: ='Inventory Baseline'!AM12*0.5 -> 0 | AN12: ='Inventory Baseline'!AN12*0.5 -> 0 | AP12: ='Inventory Baseline'!AP12*0.5 -> 5.5 | AQ12: ='Inventory Baseline'!AQ12*0.5 -> 8 | AR12: ='Inventory Baseline'!AR12*0.5 -> 0 | AS12: ='Inventory Baseline'!AS12*0.5 -> 0 | AU12: ='Inventory Baseline'!AU12*0.5 -> 5.5 | AV12: ='Inventory Baseline'!AV12*0.5 -> 8 | AW12: ='Inventory Baseline'!AW12*0.5 -> 0 | AX12: ='Inventory Baseline'!AX12*0.5 -> 0 | AY12: =AVERAGE(B12,G12,L12,Q12,V12,AA12,AF12,AK12,AP12,AU12) -> 5.5 | AZ12: =AVERAGE(C12,H12,M12,R12,W12,AB12,AG12,AL12,AQ12,AV12) -> 8 | BA12: =AVERAGE(D12,I12,N12,S12,X12,AC12,AH12,AM12,AR12,AW12) -> 0 | BB12: =AVERAGE(E12,J12,O12,T12,Y12,AD12,AI12,AN12,AS12,AX12) -> 0
A13: 11 | B13: ='Inventory Baseline'!B13*0.5 -> 0 | C13: ='Inventory Baseline'!C13*0.5 -> 8 | D13: ='Inventory Baseline'!D13*0.5 -> 0 | E13: ='Inventory Baseline'!E13*0.5 -> 0 | G13: ='Inventory Baseline'!G13*0.5 -> 0 | H13: ='Inventory Baseline'!H13*0.5 -> 8 | I13: ='Inventory Baseline'!I13*0.5 -> 0 | J13: ='Inventory Baseline'!J13*0.5 -> 0 | L13: ='Inventory Baseline'!L13*0.5 -> 0 | M13: ='Inventory Baseline'!M13*0.5 -> 8 | N13: ='Inventory Baseline'!N13*0.5 -> 0 | O13: ='Inventory Baseline'!O13*0.5 -> 0 | Q13: ='Inventory Baseline'!Q13*0.5 -> 0 | R13: ='Inventory Baseline'!R13*0.5 -> 8 | S13: ='Inventory Baseline'!S13*0.5 -> 0 | T13: ='Inventory Baseline'!T13*0.5 -> 0 | V13: ='Inventory Baseline'!V13*0.5 -> 0 | W13: ='Inventory Baseline'!W13*0.5 -> 8 | X13: ='Inventory Baseline'!X13*0.5 -> 0 | Y13: ='Inventory Baseline'!Y13*0.5 -> 0 | AA13: ='Inventory Baseline'!AA13*0.5 -> 0 | AB13: ='Inventory Baseline'!AB13*0.5 -> 8 | AC13: ='Inventory Baseline'!AC13*0.5 -> 0 | AD13: ='Inventory Baseline'!AD13*0.5 -> 0 | AF13: ='Inventory Baseline'!AF13*0.5 -> 0 | AG13: ='Inventory Baseline'!AG13*0.5 -> 8 | AH13: ='Inventory Baseline'!AH13*0.5 -> 0 | AI13: ='Inventory Baseline'!AI13*0.5 -> 0 | AK13: ='Inventory Baseline'!AK13*0.5 -> 0 | AL13: ='Inventory Baseline'!AL13*0.5 -> 8 | AM13: ='Inventory Baseline'!AM13*0.5 -> 0 | AN13: ='Inventory Baseline'!AN13*0.5 -> 0 | AP13: ='Inventory Baseline'!AP13*0.5 -> 0 | AQ13: ='Inventory Baseline'!AQ13*0.5 -> 8 | AR13: ='Inventory Baseline'!AR13*0.5 -> 0 | AS13: ='Inventory Baseline'!AS13*0.5 -> 0 | AU13: ='Inventory Baseline'!AU13*0.5 -> 0 | AV13: ='Inventory Baseline'!AV13*0.5 -> 8 | AW13: ='Inventory Baseline'!AW13*0.5 -> 0 | AX13: ='Inventory Baseline'!AX13*0.5 -> 0 | AY13: =AVERAGE(B13,G13,L13,Q13,V13,AA13,AF13,AK13,AP13,AU13) -> 0 | AZ13: =AVERAGE(C13,H13,M13,R13,W13,AB13,AG13,AL13,AQ13,AV13) -> 8 | BA13: =AVERAGE(D13,I13,N13,S13,X13,AC13,AH13,AM13,AR13,AW13) -> 0 | BB13: =AVERAGE(E13,J13,O13,T13,Y13,AD13,AI13,AN13,AS13,AX13) -> 0
A14: 12 | B14: ='Inventory Baseline'!B14*0.5 -> 0 | C14: ='Inventory Baseline'!C14*0.5 -> 6.5 | D14: ='Inventory Baseline'!D14*0.5 -> 0 | E14: ='Inventory Baseline'!E14*0.5 -> 0 | G14: ='Inventory Baseline'!G14*0.5 -> 0 | H14: ='Inventory Baseline'!H14*0.5 -> 6.5 | I14: ='Inventory Baseline'!I14*0.5 -> 0 | J14: ='Inventory Baseline'!J14*0.5 -> 0 | L14: ='Inventory Baseline'!L14*0.5 -> 0 | M14: ='Inventory Baseline'!M14*0.5 -> 6.5 | N14: ='Inventory Baseline'!N14*0.5 -> 0 | O14: ='Inventory Baseline'!O14*0.5 -> 0 | Q14: ='Inventory Baseline'!Q14*0.5 -> 0 | R14: ='Inventory Baseline'!R14*0.5 -> 6.5 | S14: ='Inventory Baseline'!S14*0.5 -> 0 | T14: ='Inventory Baseline'!T14*0.5 -> 0 | V14: ='Inventory Baseline'!V14*0.5 -> 0 | W14: ='Inventory Baseline'!W14*0.5 -> 6.5 | X14: ='Inventory Baseline'!X14*0.5 -> 0 | Y14: ='Inventory Baseline'!Y14*0.5 -> 0 | AA14: ='Inventory Baseline'!AA14*0.5 -> 0 | AB14: ='Inventory Baseline'!AB14*0.5 -> 6.5 | AC14: ='Inventory Baseline'!AC14*0.5 -> 0 | AD14: ='Inventory Baseline'!AD14*0.5 -> 0 | AF14: ='Inventory Baseline'!AF14*0.5 -> 0 | AG14: ='Inventory Baseline'!AG14*0.5 -> 6.5 | AH14: ='Inventory Baseline'!AH14*0.5 -> 0 | AI14: ='Inventory Baseline'!AI14*0.5 -> 0 | AK14: ='Inventory Baseline'!AK14*0.5 -> 0 | AL14: ='Inventory Baseline'!AL14*0.5 -> 6.5 | AM14: ='Inventory Baseline'!AM14*0.5 -> 0 | AN14: ='Inventory Baseline'!AN14*0.5 -> 0 | AP14: ='Inventory Baseline'!AP14*0.5 -> 0 | AQ14: ='Inventory Baseline'!AQ14*0.5 -> 6.5 | AR14: ='Inventory Baseline'!AR14*0.5 -> 0 | AS14: ='Inventory Baseline'!AS14*0.5 -> 0 | AU14: ='Inventory Baseline'!AU14*0.5 -> 0 | AV14: ='Inventory Baseline'!AV14*0.5 -> 6.5 | AW14: ='Inventory Baseline'!AW14*0.5 -> 0 | AX14: ='Inventory Baseline'!AX14*0.5 -> 0 | AY14: =AVERAGE(B14,G14,L14,Q14,V14,AA14,AF14,AK14,AP14,AU14) -> 0 | AZ14: =AVERAGE(C14,H14,M14,R14,W14,AB14,AG14,AL14,AQ14,AV14) -> 6.5 | BA14: =AVERAGE(D14,I14,N14,S14,X14,AC14,AH14,AM14,AR14,AW14) -> 0 | BB14: =AVERAGE(E14,J14,O14,T14,Y14,AD14,AI14,AN14,AS14,AX14) -> 0
... A38: 36 | B38: ='Inventory Baseline'!B38*0.5 -> 0 | C38: ='Inventory Baseline'!C38*0.5 -> 0 | D38: ='Inventory Baseline'!D38*0.5 -> 0 | E38: ='Inventory Baseline'!E38*0.5 -> 0 | G38: ='Inventory Baseline'!G38*0.5 -> 0 | H38: ='Inventory Baseline'!H38*0.5 -> 0 | I38: ='Inventory Baseline'!I38*0.5 -> 0 | J38: ='Inventory Baseline'!J38*0.5 -> 0 | L38: ='Inventory Baseline'!L38*0.5 -> 0 | M38: ='Inventory Baseline'!M38*0.5 -> 0 | N38: ='Inventory Baseline'!N38*0.5 -> 0 | O38: ='Inventory Baseline'!O38*0.5 -> 0 | Q38: ='Inventory Baseline'!Q38*0.5 -> 0 | R38: ='Inventory Baseline'!R38*0.5 -> 0 | S38: ='Inventory Baseline'!S38*0.5 -> 0 | T38: ='Inventory Baseline'!T38*0.5 -> 0 | V38: ='Inventory Baseline'!V38*0.5 -> 0 | W38: ='Inventory Baseline'!W38*0.5 -> 0 | X38: ='Inventory Baseline'!X38*0.5 -> 0 | Y38: ='Inventory Baseline'!Y38*0.5 -> 0 | AA38: ='Inventory Baseline'!AA38*0.5 -> 0 | AB38: ='Inventory Baseline'!AB38*0.5 -> 0 | AC38: ='Inventory Baseline'!AC38*0.5 -> 0 | AD38: ='Inventory Baseline'!AD38*0.5 -> 0 | AF38: ='Inventory Baseline'!AF38*0.5 -> 0 | AG38: ='Inventory Baseline'!AG38*0.5 -> 0 | AH38: ='Inventory Baseline'!AH38*0.5 -> 0 | AI38: ='Inventory Baseline'!AI38*0.5 -> 0 | AK38: ='Inventory Baseline'!AK38*0.5 -> 0 | AL38: ='Inventory Baseline'!AL38*0.5 -> 0 | AM38: ='Inventory Baseline'!AM38*0.5 -> 0 | AN38: ='Inventory Baseline'!AN38*0.5 -> 0 | AP38: ='Inventory Baseline'!AP38*0.5 -> 0 | AQ38: ='Inventory Baseline'!AQ38*0.5 -> 0 | AR38: ='Inventory Baseline'!AR38*0.5 -> 0 | AS38: ='Inventory Baseline'!AS38*0.5 -> 0 | AU38: ='Inventory Baseline'!AU38*0.5 -> 0 | AV38: ='Inventory Baseline'!AV38*0.5 -> 0 | AW38: ='Inventory Baseline'!AW38*0.5 -> 0 | AX38: ='Inventory Baseline'!AX38*0.5 -> 0 | AY38: =AVERAGE(B38,G38,L38,Q38,V38,AA38,AF38,AK38,AP38,AU38) -> 0 | AZ38: =AVERAGE(C38,H38,M38,R38,W38,AB38,AG38,AL38,AQ38,AV38) -> 0 | BA38: =AVERAGE(D38,I38,N38,S38,X38,AC38,AH38,AM38,AR38,AW38) -> 0 | BB38: =AVERAGE(E38,J38,O38,T38,Y38,AD38,AI38,AN38,AS38,AX38) -> 0
A40: TOTAL | B40: =SUM(B2:B38) -> 181 | C40: =SUM(C2:C38) -> 296.5 | D40: =SUM(D2:D38) -> 52.5 | E40: =SUM(E2:E38) -> 98 | G40: =SUM(G2:G38) -> 181 | H40: =SUM(H2:H38) -> 296.5 | I40: =SUM(I2:I38) -> 52.5 | J40: =SUM(J2:J38) -> 98 | L40: =SUM(L2:L38) -> 181 | M40: =SUM(M2:M38) -> 296.5 | N40: =SUM(N2:N38) -> 52.5 | O40: =SUM(O2:O38) -> 98 | Q40: =SUM(Q2:Q38) -> 181 | R40: =SUM(R2:R38) -> 296.5 | S40: =SUM(S2:S38) -> 52.5 | T40: =SUM(T2:T38) -> 98 | V40: =SUM(V2:V38) -> 181 | W40: =SUM(W2:W38) -> 296.5 | X40: =SUM(X2:X38) -> 52.5 | Y40: =SUM(Y2:Y38) -> 98 | AA40: =SUM(AA2:AA38) -> 181 | AB40: =SUM(AB2:AB38) -> 296.5 | AC40: =SUM(AC2:AC38) -> 52.5 | AD40: =SUM(AD2:AD38) -> 98 | AF40: =SUM(AF2:AF38) -> 181 | AG40: =SUM(AG2:AG38) -> 296.5 | AH40: =SUM(AH2:AH38) -> 52.5 | AI40: =SUM(AI2:AI38) -> 98 | AK40: =SUM(AK2:AK38) -> 181 | AL40: =SUM(AL2:AL38) -> 296.5 | AM40: =SUM(AM2:AM38) -> 52.5 | AN40: =SUM(AN2:AN38) -> 98 | AP40: =SUM(AP2:AP38) -> 181 | AQ40: =SUM(AQ2:AQ38) -> 296.5 | AR40: =SUM(AR2:AR38) -> 52.5 | AS40: =SUM(AS2:AS38) -> 98 | AU40: =SUM(AU2:AU38) -> 181 | AV40: =SUM(AV2:AV38) -> 296.5 | AW40: =SUM(AW2:AW38) -> 52.5 | AX40: =SUM(AX2:AX38) -> 98 | BA40: =SUM(BA2:BA38) -> 52.5 | BB40: =SUM(BB2:BB38) -> 98 | BC40: =SUM(BC2:BC38) -> 0 | BD40: =SUM(BD2:BD38) -> 0

Sheet UBC Baseline
A1: t | B1: r | C1: w | D1: d | E1: f | F1: 1 | G1: r | H1: w | I1: d | J1: f | K1: 2 | L1: r | M1: w | N1: d | O1: f | P1: 3 | Q1: r | R1: w | S1: d | T1: f | U1: 4 | V1: r | W1: w | X1: d | Y1: f | Z1: 5 | AA1: r | AB1: w | AC1: d | AD1: f | AE1: 6 | AF1: r | AG1: w | AH1: d | AI1: f | AJ1: 7 | AK1: r | AL1: w | AM1: d | AN1: f | AO1: 8 | AP1: r | AQ1: w | AR1: d | AS1: f | AT1: 9 | AU1: r | AV1: w | AW1: d | AX1: f | AY1: 10 | AZ1: Avg UBC Retailer | BA1: Avg UBC Wholesaler | BB1: Avg UBC Distributor | BC1: Avg UBC Producer
A2: 0 | B2: 0 | C2: 0 | D2: 0 | E2: 0 | G2: 0 | H2: 0 | I2: 0 | J2: 0 | L2: 0 | M2: 0 | N2: 0 | O2: 0 | Q2: 0 | R2: 0 | S2: 0 | T2: 0 | V2: 0 | W2: 0 | X2: 0 | Y2: 0 | AA2: 0 | AB2: 0 | AC2: 0 | AD2: 0 | AF2: 0 | AG2: 0 | AH2: 0 | AI2: 0 | AK2: 0 | AL2: 0 | AM2: 0 | AN2: 0 | AP2: 0 | AQ2: 0 | AR2: 0 | AS2: 0 | AU2: 0 | AV2: 0 | AW2: 0 | AX2: 0 | AZ2: =AVERAGE(B2,G2,L2,Q2,V2,AA2,AF2,AK2,AP2,AU2) -> 0 | BA2: =AVERAGE(C2,H2,M2,R2,W2,AB2,AG2,AL2,AQ2,AV2) -> 0 | BB2: =AVERAGE(D2,I2,N2,S2,X2,AC2,AH2,AM2,AR2,AW2) -> 0 | BC2: =AVERAGE(E2,J2,O2,T2,Y2,AD2,AI2,AN2,AS2,AX2) -> 0
A3: 1 | B3: ='Backlog Baseline'!B3*1 -> 0 | C3: ='Backlog Baseline'!C3*1 -> 0 | D3: ='Backlog Baseline'!D3*1 -> 0 | E3: ='Backlog Baseline'!E3*1 -> 0 | G3: ='Backlog Baseline'!G3*1 -> 0 | H3: ='Backlog Baseline'!H3*1 -> 0 | I3: ='Backlog Baseline'!I3*1 -> 0 | J3: ='Backlog Baseline'!J3*1 -> 0 | L3: ='Backlog Baseline'!L3*1 -> 0 | M3: ='Backlog Baseline'!M3*1 -> 0 | N3: ='Backlog Baseline'!N3*1 -> 0 | O3: ='Backlog Baseline'!O3*1 -> 0 | Q3: ='Backlog Baseline'!Q3*1 -> 0 | R3: ='Backlog Baseline'!R3*1 -> 0 | S3: ='Backlog Baseline'!S3*1 -> 0 | T3: ='Backlog Baseline'!T3*1 -> 0 | V3: ='Backlog Baseline'!V3*1 -> 0 | W3: ='Backlog Baseline'!W3*1 -> 0 | X3: ='Backlog Baseline'!X3*1 -> 0 | Y3: ='Backlog Baseline'!Y3*1 -> 0 | AA3: ='Backlog Baseline'!AA3*1 -> 0 | AB3: ='Backlog Baseline'!AB3*1 -> 0 | AC3: ='Backlog Baseline'!AC3*1 -> 0 | AD3: ='Backlog Baseline'!AD3*1 -> 0 | AF3: ='Backlog Baseline'!AF3*1 -> 0 | AG3: ='Backlog Baseline'!AG3*1 -> 0 | AH3: ='Backlog Baseline'!AH3*1 -> 0 | AI3: ='Backlog Baseline'!AI3*1 -> 0 | AK3: ='Backlog Baseline'!AK3*1 -> 0 | AL3: ='Backlog Baseline'!AL3*1 -> 0 | AM3: ='Backlog Baseline'!AM3*1 -> 0 | AN3: ='Backlog Baseline'!AN3*1 -> 0 | AP3: ='Backlog Baseline'!AP3*1 -> 0 | AQ3: ='Backlog Baseline'!AQ3*1 -> 0 | AR3: ='Backlog Baseline'!AR3*1 -> 0 | AS3: ='Backlog Baseline'!AS3*1 -> 0 | AU3: ='Backlog Baseline'!AU3*1 -> 0 | AV3: ='Backlog Baseline'!AV3*1 -> 0 | AW3: ='Backlog Baseline'!AW3*1 -> 0 | AX3: ='Backlog Baseline'!AX3*1 -> 0 | AZ3: =AVERAGE(B3,G3,L3,Q3,V3,AA3,AF3,AK3,AP3,AU3) -> 0 | BA3: =AVERAGE(C3,H3,M3,R3,W3,AB3,AG3,AL3,AQ3,AV3) -> 0 | BB3: =AVERAGE(D3,I3,N3,S3,X3,AC3,AH3,AM3,AR3,AW3) -> 0 | BC3: =AVERAGE(E3,J3,O3,T3,Y3,AD3,AI3,AN3,AS3,AX3) -> 0
A4: 2 | B4: ='Backlog Baseline'!B4*1 -> 0 | C4: ='Backlog Baseline'!C4*1 -> 0 | D4: ='Backlog Baseline'!D4*1 -> 0 | E4: ='Backlog Baseline'!E4*1 -> 0 | G4: ='Backlog Baseline'!G4*1 -> 0 | H4: ='Backlog Baseline'!H4*1 -> 0 | I4: ='Backlog Baseline'!I4*1 -> 0 | J4: ='Backlog Baseline'!J4*1 -> 0 | L4: ='Backlog Baseline'!L4*1 -> 0 | M4: ='Backlog Baseline'!M4*1 -> 0 | N4: ='Backlog Baseline'!N4*1 -> 0 | O4: ='Backlog Baseline'!O4*1 -> 0 | Q4: ='Backlog Baseline'!Q4*1 -> 0 | R4: ='Backlog Baseline'!R4*1 -> 0 | S4: ='Backlog Baseline'!S4*1 -> 0 | T4: ='Backlog Baseline'!T4*1 -> 0 | V4: ='Backlog Baseline'!V4*1 -> 0 | W4: ='Backlog Baseline'!W4*1 -> 0 | X4: ='Backlog Baseline'!X4*1 -> 0 | Y4: ='Backlog Baseline'!Y4*1 -> 0 | AA4: ='Backlog Baseline'!AA4*1 -> 0 | AB4: ='Backlog Baseline'!AB4*1 -> 0 | AC4: ='Backlog Baseline'!AC4*1 -> 0 | AD4: ='Backlog Baseline'!AD4*1 -> 0 | AF4: ='Backlog Baseline'!AF4*1 -> 0 | AG4: ='Backlog Baseline'!AG4*1 -> 0 | AH4: ='Backlog Baseline'!AH4*1 -> 0 | AI4: ='Backlog Baseline'!AI4*1 -> 0 | AK4: ='Backlog Baseline'!AK4*1 -> 0 | AL4: ='Backlog Baseline'!AL4*1 -> 0 | AM4: ='Backlog Baseline'!AM4*1 -> 0 | AN4: ='Backlog Baseline'!AN4*1 -> 0 | AP4: ='Backlog Baseline'!AP4*1 -> 0 | AQ4: ='Backlog Baseline'!AQ4*1 -> 0 | AR4: ='Backlog Baseline'!AR4*1 -> 0 | AS4: ='Backlog Baseline'!AS4*1 -> 0 | AU4: ='Backlog Baseline'!AU4*1 -> 0 | AV4: ='Backlog Baseline'!AV4*1 -> 0 | AW4: ='Backlog Baseline'!AW4*1 -> 0 | AX4: ='Backlog Baseline'!AX4*1 -> 0 | AZ4: =AVERAGE(B4,G4,L4,Q4,V4,AA4,AF4,AK4,AP4,AU4) -> 0 | BA4: =AVERAGE(C4,H4,M4,R4,W4,AB4,AG4,AL4,AQ4,AV4) -> 0 | BB4: =AVERAGE(D4,I4,N4,S4,X4,AC4,AH4,AM4,AR4,AW4) -> 0 | BC4: =AVERAGE(E4,J4,O4,T4,Y4,AD4,AI4,AN4,AS4,AX4) -> 0
A5: 3 | B5: ='Backlog Baseline'!B5*1 -> 0 | C5: ='Backlog Baseline'!C5*1 -> 0 | D5: ='Backlog Baseline'!D5*1 -> 0 | E5: ='Backlog Baseline'!E5*1 -> 0 | G5: ='Backlog Baseline'!G5*1 -> 0 | H5: ='Backlog Baseline'!H5*1 -> 0 | I5: ='Backlog Baseline'!I5*1 -> 0 | J5: ='Backlog Baseline'!J5*1 -> 0 | L5: ='Backlog Baseline'!L5*1 -> 0 | M5: ='Backlog Baseline'!M5*1 -> 0 | N5: ='Backlog Baseline'!N5*1 -> 0 | O5: ='Backlog Baseline'!O5*1 -> 0 | Q5: ='Backlog Baseline'!Q5*1 -> 0 | R5: ='Backlog Baseline'!R5*1 -> 0 | S5: ='Backlog Baseline'!S5*1 -> 0 | T5: ='Backlog Baseline'!T5*1 -> 0 | V5: ='Backlog Baseline'!V5*1 -> 0 | W5: ='Backlog Baseline'!W5*1 -> 0 | X5: ='Backlog Baseline'!X5*1 -> 0 | Y5: ='Backlog Baseline'!Y5*1 -> 0 | AA5: ='Backlog Baseline'!AA5*1 -> 0 | AB5: ='Backlog Baseline'!AB5*1 -> 0 | AC5: ='Backlog Baseline'!AC5*1 -> 0 | AD5: ='Backlog Baseline'!AD5*1 -> 0 | AF5: ='Backlog Baseline'!AF5*1 -> 0 | AG5: ='Backlog Baseline'!AG5*1 -> 0 | AH5: ='Backlog Baseline'!AH5*1 -> 0 | AI5: ='Backlog Baseline'!AI5*1 -> 0 | AK5: ='Backlog Baseline'!AK5*1 -> 0 | AL5: ='Backlog Baseline'!AL5*1 -> 0 | AM5: ='Backlog Baseline'!AM5*1 -> 0 | AN5: ='Backlog Baseline'!AN5*1 -> 0 | AP5: ='Backlog Baseline'!AP5*1 -> 0 | AQ5: ='Backlog Baseline'!AQ5*1 -> 0 | AR5: ='Backlog Baseline'!AR5*1 -> 0 | AS5: ='Backlog Baseline'!AS5*1 -> 0 | AU5: ='Backlog Baseline'!AU5*1 -> 0 | AV5: ='Backlog Baseline'!AV5*1 -> 0 | AW5: ='Backlog Baseline'!AW5*1 -> 0 | AX5: ='Backlog Baseline'!AX5*1 -> 0 | AZ5: =AVERAGE(B5,G5,L5,Q5,V5,AA5,AF5,AK5,AP5,AU5) -> 0 | BA5: =AVERAGE(C5,H5,M5,R5,W5,AB5,AG5,AL5,AQ5,AV5) -> 0 | BB5: =AVERAGE(D5,I5,N5,S5,X5,AC5,AH5,AM5,AR5,AW5) -> 0 | BC5: =AVERAGE(E5,J5,O5,T5,Y5,AD5,AI5,AN5,AS5,AX5) -> 0
A6: 4 | B6: ='Backlog Baseline'!B6*1 -> 0 | C6: ='Backlog Baseline'!C6*1 -> 0 | D6: ='Backlog Baseline'!D6*1 -> 0 | E6: ='Backlog Baseline'!E6*1 -> 0 | G6: ='Backlog Baseline'!G6*1 -> 0 | H6: ='Backlog Baseline'!H6*1 -> 0 | I6: ='Backlog Baseline'!I6*1 -> 0 | J6: ='Backlog Baseline'!J6*1 -> 0 | L6: ='Backlog Baseline'!L6*1 -> 0 | M6: ='Backlog Baseline'!M6*1 -> 0 | N6: ='Backlog Baseline'!N6*1 -> 0 | O6: ='Backlog Baseline'!O6*1 -> 0 | Q6: ='Backlog Baseline'!Q6*1 -> 0 | R6: ='Backlog Baseline'!R6*1 -> 0 | S6: ='Backlog Baseline'!S6*1 -> 0 | T6: ='Backlog Baseline'!T6*1 -> 0 | V6: ='Backlog Baseline'!V6*1 -> 0 | W6: ='Backlog Baseline'!W6*1 -> 0 | X6: ='Backlog Baseline'!X6*1 -> 0 | Y6: ='Backlog Baseline'!Y6*1 -> 0 | AA6: ='Backlog Baseline'!AA6*1 -> 0 | AB6: ='Backlog Baseline'!AB6*1 -> 0 | AC6: ='Backlog Baseline'!AC6*1 -> 0 | AD6: ='Backlog Baseline'!AD6*1 -> 0 | AF6: ='Backlog Baseline'!AF6*1 -> 0 | AG6: ='Backlog Baseline'!AG6*1 -> 0 | AH6: ='Backlog Baseline'!AH6*1 -> 0 | AI6: ='Backlog Baseline'!AI6*1 -> 0 | AK6: ='Backlog Baseline'!AK6*1 -> 0 | AL6: ='Backlog Baseline'!AL6*1 -> 0 | AM6: ='Backlog Baseline'!AM6*1 -> 0 | AN6: ='Backlog Baseline'!AN6*1 -> 0 | AP6: ='Backlog Baseline'!AP6*1 -> 0 | AQ6: ='Backlog Baseline'!AQ6*1 -> 0 | AR6: ='Backlog Baseline'!AR6*1 -> 0 | AS6: ='Backlog Baseline'!AS6*1 -> 0 | AU6: ='Backlog Baseline'!AU6*1 -> 0 | AV6: ='Backlog Baseline'!AV6*1 -> 0 | AW6: ='Backlog Baseline'!AW6*1 -> 0 | AX6: ='Backlog Baseline'!AX6*1 -> 0 | AZ6: =AVERAGE(B6,G6,L6,Q6,V6,AA6,AF6,AK6,AP6,AU6) -> 0 | BA6: =AVERAGE(C6,H6,M6,R6,W6,AB6,AG6,AL6,AQ6,AV6) -> 0 | BB6: =AVERAGE(D6,I6,N6,S6,X6,AC6,AH6,AM6,AR6,AW6) -> 0 | BC6: =AVERAGE(E6,J6,O6,T6,Y6,AD6,AI6,AN6,AS6,AX6) -> 0
A7: 5 | B7: ='Backlog Baseline'!B7*1 -> 0 | C7: ='Backlog Baseline'!C7*1 -> 0 | D7: ='Backlog Baseline'!D7*1 -> 0 | E7: ='Backlog Baseline'!E7*1 -> 0 | G7: ='Backlog Baseline'!G7*1 -> 0 | H7: ='Backlog Baseline'!H7*1 -> 0 | I7: ='Backlog Baseline'!I7*1 -> 0 | J7: ='Backlog Baseline'!J7*1 -> 0 | L7: ='Backlog Baseline'!L7*1 -> 0 | M7: ='Backlog Baseline'!M7*1 -> 0 | N7: ='Backlog Baseline'!N7*1 -> 0 | O7: ='Backlog Baseline'!O7*1 -> 0 | Q7: ='Backlog Baseline'!Q7*1 -> 0 | R7: ='Backlog Baseline'!R7*1 -> 0 | S7: ='Backlog Baseline'!S7*1 -> 0 | T7: ='Backlog Baseline'!T7*1 -> 0 | V7: ='Backlog Baseline'!V7*1 -> 0 | W7: ='Backlog Baseline'!W7*1 -> 0 | X7: ='Backlog Baseline'!X7*1 -> 0 | Y7: ='Backlog Baseline'!Y7*1 -> 0 | AA7: ='Backlog Baseline'!AA7*1 -> 0 | AB7: ='Backlog Baseline'!AB7*1 -> 0 | AC7: ='Backlog Baseline'!AC7*1 -> 0 | AD7: ='Backlog Baseline'!AD7*1 -> 0 | AF7: ='Backlog Baseline'!AF7*1 -> 0 | AG7: ='Backlog Baseline'!AG7*1 -> 0 | AH7: ='Backlog Baseline'!AH7*1 -> 0 | AI7: ='Backlog Baseline'!AI7*1 -> 0 | AK7: ='Backlog Baseline'!AK7*1 -> 0 | AL7: ='Backlog Baseline'!AL7*1 -> 0 | AM7: ='Backlog Baseline'!AM7*1 -> 0 | AN7: ='Backlog Baseline'!AN7*1 -> 0 | AP7: ='Backlog Baseline'!AP7*1 -> 0 | AQ7: ='Backlog Baseline'!AQ7*1 -> 0 | AR7: ='Backlog Baseline'!AR7*1 -> 0 | AS7: ='Backlog Baseline'!AS7*1 -> 0 | AU7: ='Backlog Baseline'!AU7*1 -> 0 | AV7: ='Backlog Baseline'!AV7*1 -> 0 | AW7: ='Backlog Baseline'!AW7*1 -> 0 | AX7: ='Backlog Baseline'!AX7*1 -> 0 | AZ7: =AVERAGE(B7,G7,L7,Q7,V7,AA7,AF7,AK7,AP7,AU7) -> 0 | BA7: =AVERAGE(C7,H7,M7,R7,W7,AB7,AG7,AL7,AQ7,AV7) -> 0 | BB7: =AVERAGE(D7,I7,N7,S7,X7,AC7,AH7,AM7,AR7,AW7) -> 0 | BC7: =AVERAGE(E7,J7,O7,T7,Y7,AD7,AI7,AN7,AS7,AX7) -> 0
A8: 6 | B8: ='Backlog Baseline'!B8*1 -> 0 | C8: ='Backlog Baseline'!C8*1 -> 0 | D8: ='Backlog Baseline'!D8*1 -> 0 | E8: ='Backlog Baseline'!E8*1 -> 0 | G8: ='Backlog Baseline'!G8*1 -> 0 | H8: ='Backlog Baseline'!H8*1 -> 0 | I8: ='Backlog Baseline'!I8*1 -> 0 | J8: ='Backlog Baseline'!J8*1 -> 0 | L8: ='Backlog Baseline'!L8*1 -> 0 | M8: ='Backlog Baseline'!M8*1 -> 0 | N8: ='Backlog Baseline'!N8*1 -> 0 | O8: ='Backlog Baseline'!O8*1 -> 0 | Q8: ='Backlog Baseline'!Q8*1 -> 0 | R8: ='Backlog Baseline'!R8*1 -> 0 | S8: ='Backlog Baseline'!S8*1 -> 0 | T8: ='Backlog Baseline'!T8*1 -> 0 | V8: ='Backlog Baseline'!V8*1 -> 0 | W8: ='Backlog Baseline'!W8*1 -> 0 | X8: ='Backlog Baseline'!X8*1 -> 0 | Y8: ='Backlog Baseline'!Y8*1 -> 0 | AA8: ='Backlog Baseline'!AA8*1 -> 0 | AB8: ='Backlog Baseline'!AB8*1 -> 0 | AC8: ='Backlog Baseline'!AC8*1 -> 0 | AD8: ='Backlog Baseline'!AD8*1 -> 0 | AF8: ='Backlog Baseline'!AF8*1 -> 0 | AG8: ='Backlog Baseline'!AG8*1 -> 0 | AH8: ='Backlog Baseline'!AH8*1 -> 0 | AI8: ='Backlog Baseline'!AI8*1 -> 0 | AK8: ='Backlog Baseline'!AK8*1 -> 0 | AL8: ='Backlog Baseline'!AL8*1 -> 0 | AM8: ='Backlog Baseline'!AM8*1 -> 0 | AN8: ='Backlog Baseline'!AN8*1 -> 0 | AP8: ='Backlog Baseline'!AP8*1 -> 0 | AQ8: ='Backlog Baseline'!AQ8*1 -> 0 | AR8: ='Backlog Baseline'!AR8*1 -> 0 | AS8: ='Backlog Baseline'!AS8*1 -> 0 | AU8: ='Backlog Baseline'!AU8*1 -> 0 | AV8: ='Backlog Baseline'!AV8*1 -> 0 | AW8: ='Backlog Baseline'!AW8*1 -> 0 | AX8: ='Backlog Baseline'!AX8*1 -> 0 | AZ8: =AVERAGE(B8,G8,L8,Q8,V8,AA8,AF8,AK8,AP8,AU8) -> 0 | BA8: =AVERAGE(C8,H8,M8,R8,W8,AB8,AG8,AL8,AQ8,AV8) -> 0 | BB8: =AVERAGE(D8,I8,N8,S8,X8,AC8,AH8,AM8,AR8,AW8) -> 0 | BC8: =AVERAGE(E8,J8,O8,T8,Y8,AD8,AI8,AN8,AS8,AX8) -> 0
A9: 7 | B9: ='Backlog Baseline'!B9*1 -> 0 | C9: ='Backlog Baseline'!C9*1 -> 0 | D9: ='Backlog Baseline'!D9*1 -> 0 | E9: ='Backlog Baseline'!E9*1 -> 0 | G9: ='Backlog Baseline'!G9*1 -> 0 | H9: ='Backlog Baseline'!H9*1 -> 0 | I9: ='Backlog Baseline'!I9*1 -> 0 | J9: ='Backlog Baseline'!J9*1 -> 0 | L9: ='Backlog Baseline'!L9*1 -> 0 | M9: ='Backlog Baseline'!M9*1 -> 0 | N9: ='Backlog Baseline'!N9*1 -> 0 | O9: ='Backlog Baseline'!O9*1 -> 0 | Q9: ='Backlog Baseline'!Q9*1 -> 0 | R9: ='Backlog Baseline'!R9*1 -> 0 | S9: ='Backlog Baseline'!S9*1 -> 0 | T9: ='Backlog Baseline'!T9*1 -> 0 | V9: ='Backlog Baseline'!V9*1 -> 0 | W9: ='Backlog Baseline'!W9*1 -> 0 | X9: ='Backlog Baseline'!X9*1 -> 0 | Y9: ='Backlog Baseline'!Y9*1 -> 0 | AA9: ='Backlog Baseline'!AA9*1 -> 0 | AB9: ='Backlog Baseline'!AB9*1 -> 0 | AC9: ='Backlog Baseline'!AC9*1 -> 0 | AD9: ='Backlog Baseline'!AD9*1 -> 0 | AF9: ='Backlog Baseline'!AF9*1 -> 0 | AG9: ='Backlog Baseline'!AG9*1 -> 0 | AH9: ='Backlog Baseline'!AH9*1 -> 0 | AI9: ='Backlog Baseline'!AI9*1 -> 0 | AK9: ='Backlog Baseline'!AK9*1 -> 0 | AL9: ='Backlog Baseline'!AL9*1 -> 0 | AM9: ='Backlog Baseline'!AM9*1 -> 0 | AN9: ='Backlog Baseline'!AN9*1 -> 0 | AP9: ='Backlog Baseline'!AP9*1 -> 0 | AQ9: ='Backlog Baseline'!AQ9*1 -> 0 | AR9: ='Backlog Baseline'!AR9*1 -> 0 | AS9: ='Backlog Baseline'!AS9*1 -> 0 | AU9: ='Backlog Baseline'!AU9*1 -> 0 | AV9: ='Backlog Baseline'!AV9*1 -> 0 | AW9: ='Backlog Baseline'!AW9*1 -> 0 | AX9: ='Backlog Baseline'!AX9*1 -> 0 | AZ9: =AVERAGE(B9,G9,L9,Q9,V9,AA9,AF9,AK9,AP9,AU9) -> 0 | BA9: =AVERAGE(C9,H9,M9,R9,W9,AB9,AG9,AL9,AQ9,AV9) -> 0 | BB9: =AVERAGE(D9,I9,N9,S9,X9,AC9,AH9,AM9,AR9,AW9) -> 0 | BC9: =AVERAGE(E9,J9,O9,T9,Y9,AD9,AI9,AN9,AS9,AX9) -> 0
A10: 8 | B10: ='Backlog Baseline'!B10*1 -> 0 | C10: ='Backlog Baseline'!C10*1 -> 0 | D10: ='Backlog Baseline'!D10*1 -> 4 | E10: ='Backlog Baseline'!E10*1 -> 0 | G10: ='Backlog Baseline'!G10*1 -> 0 | H10: ='Backlog Baseline'!H10*1 -> 0 | I10: ='Backlog Baseline'!I10*1 -> 4 | J10: ='Backlog Baseline'!J10*1 -> 0 | L10: ='Backlog Baseline'!L10*1 -> 0 | M10: ='Backlog Baseline'!M10*1 -> 0 | N10: ='Backlog Baseline'!N10*1 -> 4 | O10: ='Backlog Baseline'!O10*1 -> 0 | Q10: ='Backlog Baseline'!Q10*1 -> 0 | R10: ='Backlog Baseline'!R10*1 -> 0 | S10: ='Backlog Baseline'!S10*1 -> 4 | T10: ='Backlog Baseline'!T10*1 -> 0 | V10: ='Backlog Baseline'!V10*1 -> 0 | W10: ='Backlog Baseline'!W10*1 -> 0 | X10: ='Backlog Baseline'!X10*1 -> 4 | Y10: ='Backlog Baseline'!Y10*1 -> 0 | AA10: ='Backlog Baseline'!AA10*1 -> 0 | AB10: ='Backlog Baseline'!AB10*1 -> 0 | AC10: ='Backlog Baseline'!AC10*1 -> 4 | AD10: ='Backlog Baseline'!AD10*1 -> 0 | AF10: ='Backlog Baseline'!AF10*1 -> 0 | AG10: ='Backlog Baseline'!AG10*1 -> 0 | AH10: ='Backlog Baseline'!AH10*1 -> 4 | AI10: ='Backlog Baseline'!AI10*1 -> 0 | AK10: ='Backlog Baseline'!AK10*1 -> 0 | AL10: ='Backlog Baseline'!AL10*1 -> 0 | AM10: ='Backlog Baseline'!AM10*1 -> 4 | AN10: ='Backlog Baseline'!AN10*1 -> 0 | AP10: ='Backlog Baseline'!AP10*1 -> 0 | AQ10: ='Backlog Baseline'!AQ10*1 -> 0 | AR10: ='Backlog Baseline'!AR10*1 -> 4 | AS10: ='Backlog Baseline'!AS10*1 -> 0 | AU10: ='Backlog Baseline'!AU10*1 -> 0 | AV10: ='Backlog Baseline'!AV10*1 -> 0 | AW10: ='Backlog Baseline'!AW10*1 -> 4 | AX10: ='Backlog Baseline'!AX10*1 -> 0 | AZ10: =AVERAGE(B10,G10,L10,Q10,V10,AA10,AF10,AK10,AP10,AU10) -> 0 | BA10: =AVERAGE(C10,H10,M10,R10,W10,AB10,AG10,AL10,AQ10,AV10) -> 0 | BB10: =AVERAGE(D10,I10,N10,S10,X10,AC10,AH10,AM10,AR10,AW10) -> 4 | BC10: =AVERAGE(E10,J10,O10,T10,Y10,AD10,AI10,AN10,AS10,AX10) -> 0
A11: 9 | B11: ='Backlog Baseline'!B11*1 -> 0 | C11: ='Backlog Baseline'!C11*1 -> 0 | D11: ='Backlog Baseline'!D11*1 -> 8 | E11: ='Backlog Baseline'!E11*1 -> 1 | G11: ='Backlog Baseline'!G11*1 -> 0 | H11: ='Backlog Baseline'!H11*1 -> 0 | I11: ='Backlog Baseline'!I11*1 -> 8 | J11: ='Backlog Baseline'!J11*1 -> 1 | L11: ='Backlog Baseline'!L11*1 -> 0 | M11: ='Backlog Baseline'!M11*1 -> 0 | N11: ='Backlog Baseline'!N11*1 -> 8 | O11: ='Backlog Baseline'!O11*1 -> 1 | Q11: ='Backlog Baseline'!Q11*1 -> 0 | R11: ='Backlog Baseline'!R11*1 -> 0 | S11: ='Backlog Baseline'!S11*1 -> 8 | T11: ='Backlog Baseline'!T11*1 -> 1 | V11: ='Backlog Baseline'!V11*1 -> 0 | W11: ='Backlog Baseline'!W11*1 -> 0 | X11: ='Backlog Baseline'!X11*1 -> 8 | Y11: ='Backlog Baseline'!Y11*1 -> 1 | AA11: ='Backlog Baseline'!AA11*1 -> 0 | AB11: ='Backlog Baseline'!AB11*1 -> 0 | AC11: ='Backlog Baseline'!AC11*1 -> 8 | AD11: ='Backlog Baseline'!AD11*1 -> 1 | AF11: ='Backlog Baseline'!AF11*1 -> 0 | AG11: ='Backlog Baseline'!AG11*1 -> 0 | AH11: ='Backlog Baseline'!AH11*1 -> 8 | AI11: ='Backlog Baseline'!AI11*1 -> 1 | AK11: ='Backlog Baseline'!AK11*1 -> 0 | AL11: ='Backlog Baseline'!AL11*1 -> 0 | AM11: ='Backlog Baseline'!AM11*1 -> 8 | AN11: ='Backlog Baseline'!AN11*1 -> 1 | AP11: ='Backlog Baseline'!AP11*1 -> 0 | AQ11: ='Backlog Baseline'!AQ11*1 -> 0 | AR11: ='Backlog Baseline'!AR11*1 -> 8 | AS11: ='Backlog Baseline'!AS11*1 -> 1 | AU11: ='Backlog Baseline'!AU11*1 -> 0 | AV11: ='Backlog Baseline'!AV11*1 -> 0 | AW11: ='Backlog Baseline'!AW11*1 -> 8 | AX11: ='Backlog Baseline'!AX11*1 -> 1 | AZ11: =AVERAGE(B11,G11,L11,Q11,V11,AA11,AF11,AK11,AP11,AU11) -> 0 | BA11: =AVERAGE(C11,H11,M11,R11,W11,AB11,AG11,AL11,AQ11,AV11) -> 0 | BB11: =AVERAGE(D11,I11,N11,S11,X11,AC11,AH11,AM11,AR11,AW11) -> 8 | BC11: =AVERAGE(E11,J11,O11,T11,Y11,AD11,AI11,AN11,AS11,AX11) -> 1
A12: 10 | B12: ='Backlog Baseline'!B12*1 -> 0 | C12: ='Backlog Baseline'!C12*1 -> 0 | D12: ='Backlog Baseline'!D12*1 -> 8 | E12: ='Backlog Baseline'!E12*1 -> 11 | G12: ='Backlog Baseline'!G12*1 -> 0 | H12: ='Backlog Baseline'!H12*1 -> 0 | I12: ='Backlog Baseline'!I12*1 -> 8 | J12: ='Backlog Baseline'!J12*1 -> 11 | L12: ='Backlog Baseline'!L12*1 -> 0 | M12: ='Backlog Baseline'!M12*1 -> 0 | N12: ='Backlog Baseline'!N12*1 -> 8 | O12: ='Backlog Baseline'!O12*1 -> 11 | Q12: ='Backlog Baseline'!Q12*1 -> 0 | R12: ='Backlog Baseline'!R12*1 -> 0 | S12: ='Backlog Baseline'!S12*1 -> 8 | T12: ='Backlog Baseline'!T12*1 -> 11 | V12: ='Backlog Baseline'!V12*1 -> 0 | W12: ='Backlog Baseline'!W12*1 -> 0 | X12: ='Backlog Baseline'!X12*1 -> 8 | Y12: ='Backlog Baseline'!Y12*1 -> 11 | AA12: ='Backlog Baseline'!AA12*1 -> 0 | AB12: ='Backlog Baseline'!AB12*1 -> 0 | AC12: ='Backlog Baseline'!AC12*1 -> 8 | AD12: ='Backlog Baseline'!AD12*1 -> 11 | AF12: ='Backlog Baseline'!AF12*1 -> 0 | AG12: ='Backlog Baseline'!AG12*1 -> 0 | AH12: ='Backlog Baseline'!AH12*1 -> 8 | AI12: ='Backlog Baseline'!AI12*1 -> 11 | AK12: ='Backlog Baseline'!AK12*1 -> 0 | AL12: ='Backlog Baseline'!AL12*1 -> 0 | AM12: ='Backlog Baseline'!AM12*1 -> 8 | AN12: ='Backlog Baseline'!AN12*1 -> 11 | AP12: ='Backlog Baseline'!AP12*1 -> 0 | AQ12: ='Backlog Baseline'!AQ12*1 -> 0 | AR12: ='Backlog Baseline'!AR12*1 -> 8 | AS12: ='Backlog Baseline'!AS12*1 -> 11 | AU12: ='Backlog Baseline'!AU12*1 -> 0 | AV12: ='Backlog Baseline'!AV12*1 -> 0 | AW12: ='Backlog Baseline'!AW12*1 -> 8 | AX12: ='Backlog Baseline'!AX12*1 -> 11 | AZ12: =AVERAGE(B12,G12,L12,Q12,V12,AA12,AF12,AK12,AP12,AU12) -> 0 | BA12: =AVERAGE(C12,H12,M12,R12,W12,AB12,AG12,AL12,AQ12,AV12) -> 0 | BB12: =AVERAGE(D12,I12,N12,S12,X12,AC12,AH12,AM12,AR12,AW12) -> 8 | BC12: =AVERAGE(E12,J12,O12,T12,Y12,AD12,AI12,AN12,AS12,AX12) -> 11
A13: 11 | B13: ='Backlog Baseline'!B13*1 -> 1 | C13: ='Backlog Baseline'!C13*1 -> 0 | D13: ='Backlog Baseline'!D13*1 -> 8 | E13: ='Backlog Baseline'!E13*1 -> 20 | G13: ='Backlog Baseline'!G13*1 -> 1 | H13: ='Backlog Baseline'!H13*1 -> 0 | I13: ='Backlog Baseline'!I13*1 -> 8 | J13: ='Backlog Baseline'!J13*1 -> 20 | L13: ='Backlog Baseline'!L13*1 -> 1 | M13: ='Backlog Baseline'!M13*1 -> 0 | N13: ='Backlog Baseline'!N13*1 -> 8 | O13: ='Backlog Baseline'!O13*1 -> 20 | Q13: ='Backlog Baseline'!Q13*1 -> 1 | R13: ='Backlog Baseline'!R13*1 -> 0 | S13: ='Backlog Baseline'!S13*1 -> 8 | T13: ='Backlog Baseline'!T13*1 -> 20 | V13: ='Backlog Baseline'!V13*1 -> 1 | W13: ='Backlog Baseline'!W13*1 -> 0 | X13: ='Backlog Baseline'!X13*1 -> 8 | Y13: ='Backlog Baseline'!Y13*1 -> 20 | AA13: ='Backlog Baseline'!AA13*1 -> 1 | AB13: ='Backlog Baseline'!AB13*1 -> 0 | AC13: ='Backlog Baseline'!AC13*1 -> 8 | AD13: ='Backlog Baseline'!AD13*1 -> 20 | AF13: ='Backlog Baseline'!AF13*1 -> 1 | AG13: ='Backlog Baseline'!AG13*1 -> 0 | AH13: ='Backlog Baseline'!AH13*1 -> 8 | AI13: ='Backlog Baseline'!AI13*1 -> 20 | AK13: ='Backlog Baseline'!AK13*1 -> 1 | AL13: ='Backlog Baseline'!AL13*1 -> 0 | AM13: ='Backlog Baseline'!AM13*1 -> 8 | AN13: ='Backlog Baseline'!AN13*1 -> 20 | AP13: ='Backlog Baseline'!AP13*1 -> 1 | AQ13: ='Backlog Baseline'!AQ13*1 -> 0 | AR13: ='Backlog Baseline'!AR13*1 -> 8 | AS13: ='Backlog Baseline'!AS13*1 -> 20 | AU13: ='Backlog Baseline'!AU13*1 -> 1 | AV13: ='Backlog Baseline'!AV13*1 -> 0 | AW13: ='Backlog Baseline'!AW13*1 -> 8 | AX13: ='Backlog Baseline'!AX13*1 -> 20 | AZ13: =AVERAGE(B13,G13,L13,Q13,V13,AA13,AF13,AK13,AP13,AU13) -> 1 | BA13: =AVERAGE(C13,H13,M13,R13,W13,AB13,AG13,AL13,AQ13,AV13) -> 0 | BB13: =AVERAGE(D13,I13,N13,S13,X13,AC13,AH13,AM13,AR13,AW13) -> 8 | BC13: =AVERAGE(E13,J13,O13,T13,Y13,AD13,AI13,AN13,AS13,AX13) -> 20
A14: 12 | B14: ='Backlog Baseline'!B14*1 -> 16 | C14: ='Backlog Baseline'!C14*1 -> 0 | D14: ='Backlog Baseline'!D14*1 -> 16 | E14: ='Backlog Baseline'!E14*1 -> 22 | G14: ='Backlog Baseline'!G14*1 -> 16 | H14: ='Backlog Baseline'!H14*1 -> 0 | I14: ='Backlog Baseline'!I14*1 -> 16 | J14: ='Backlog Baseline'!J14*1 -> 22 | L14: ='Backlog Baseline'!L14*1 -> 16 | M14: ='Backlog Baseline'!M14*1 -> 0 | N14: ='Backlog Baseline'!N14*1 -> 16 | O14: ='Backlog Baseline'!O14*1 -> 22 | Q14: ='Backlog Baseline'!Q14*1 -> 16 | R14: ='Backlog Baseline'!R14*1 -> 0 | S14: ='Backlog Baseline'!S14*1 -> 16 | T14: ='Backlog Baseline'!T14*1 -> 22 | V14: ='Backlog Baseline'!V14*1 -> 16 | W14: ='Backlog Baseline'!W14*1 -> 0 | X14: ='Backlog Baseline'!X14*1 -> 16 | Y14: ='Backlog Baseline'!Y14*1 -> 22 | AA14: ='Backlog Baseline'!AA14*1 -> 16 | AB14: ='Backlog Baseline'!AB14*1 -> 0 | AC14: ='Backlog Baseline'!AC14*1 -> 16 | AD14: ='Backlog Baseline'!AD14*1 -> 22 | AF14: ='Backlog Baseline'!AF14*1 -> 16 | AG14: ='Backlog Baseline'!AG14*1 -> 0 | AH14: ='Backlog Baseline'!AH14*1 -> 16 | AI14: ='Backlog Baseline'!AI14*1 -> 22 | AK14: ='Backlog Baseline'!AK14*1 -> 16 | AL14: ='Backlog Baseline'!AL14*1 -> 0 | AM14: ='Backlog Baseline'!AM14*1 -> 16 | AN14: ='Backlog Baseline'!AN14*1 -> 22 | AP14: ='Backlog Baseline'!AP14*1 -> 16 | AQ14: ='Backlog Baseline'!AQ14*1 -> 0 | AR14: ='Backlog Baseline'!AR14*1 -> 16 | AS14: ='Backlog Baseline'!AS14*1 -> 22 | AU14: ='Backlog Baseline'!AU14*1 -> 16 | AV14: ='Backlog Baseline'!AV14*1 -> 0 | AW14: ='Backlog Baseline'!AW14*1 -> 16 | AX14: ='Backlog Baseline'!AX14*1 -> 22 | AZ14: =AVERAGE(B14,G14,L14,Q14,V14,AA14,AF14,AK14,AP14,AU14) -> 16 | BA14: =AVERAGE(C14,H14,M14,R14,W14,AB14,AG14,AL14,AQ14,AV14) -> 0 | BB14: =AVERAGE(D14,I14,N14,S14,X14,AC14,AH14,AM14,AR14,AW14) -> 16 | BC14: =AVERAGE(E14,J14,O14,T14,Y14,AD14,AI14,AN14,AS14,AX14) -> 22
... A38: 36 | B38: ='Backlog Baseline'!B38*1 -> 29 | C38: ='Backlog Baseline'!C38*1 -> 20 | D38: ='Backlog Baseline'!D38*1 -> 11 | E38: ='Backlog Baseline'!E38*1 -> 25 | G38: ='Backlog Baseline'!G38*1 -> 29 | H38: ='Backlog Baseline'!H38*1 -> 20 | I38: ='Backlog Baseline'!I38*1 -> 11 | J38: ='Backlog Baseline'!J38*1 -> 25 | L38: ='Backlog Baseline'!L38*1 -> 29 | M38: ='Backlog Baseline'!M38*1 -> 20 | N38: ='Backlog Baseline'!N38*1 -> 11 | O38: ='Backlog Baseline'!O38*1 -> 25 | Q38: ='Backlog Baseline'!Q38*1 -> 29 | R38: ='Backlog Baseline'!R38*1 -> 20 | S38: ='Backlog Baseline'!S38*1 -> 11 | T38: ='Backlog Baseline'!T38*1 -> 25 | V38: ='Backlog Baseline'!V38*1 -> 29 | W38: ='Backlog Baseline'!W38*1 -> 20 | X38: ='Backlog Baseline'!X38*1 -> 11 | Y38: ='Backlog Baseline'!Y38*1 -> 25 | AA38: ='Backlog Baseline'!AA38*1 -> 29 | AB38: ='Backlog Baseline'!AB38*1 -> 20 | AC38: ='Backlog Baseline'!AC38*1 -> 11 | AD38: ='Backlog Baseline'!AD38*1 -> 25 | AF38: ='Backlog Baseline'!AF38*1 -> 29 | AG38: ='Backlog Baseline'!AG38*1 -> 20 | AH38: ='Backlog Baseline'!AH38*1 -> 11 | AI38: ='Backlog Baseline'!AI38*1 -> 25 | AK38: ='Backlog Baseline'!AK38*1 -> 29 | AL38: ='Backlog Baseline'!AL38*1 -> 20 | AM38: ='Backlog Baseline'!AM38*1 -> 11 | AN38: ='Backlog Baseline'!AN38*1 -> 25 | AP38: ='Backlog Baseline'!AP38*1 -> 29 | AQ38: ='Backlog Baseline'!AQ38*1 -> 20 | AR38: ='Backlog Baseline'!AR38*1 -> 11 | AS38: ='Backlog Baseline'!AS38*1 -> 25 | AU38: ='Backlog Baseline'!AU38*1 -> 29 | AV38: ='Backlog Baseline'!AV38*1 -> 20 | AW38: ='Backlog Baseline'!AW38*1 -> 11 | AX38: ='Backlog Baseline'!AX38*1 -> 25 | AZ38: =AVERAGE(B38,G38,L38,Q38,V38,AA38,AF38,AK38,AP38,AU38) -> 29 | BA38: =AVERAGE(C38,H38,M38,R38,W38,AB38,AG38,AL38,AQ38,AV38) -> 20 | BB38: =AVERAGE(D38,I38,N38,S38,X38,AC38,AH38,AM38,AR38,AW38) -> 11 | BC38: =AVERAGE(E38,J38,O38,T38,Y38,AD38,AI38,AN38,AS38,AX38) -> 25
A40: TOTAL | B40: =SUM(B2:B38) -> 453 | C40: =SUM(C2:C38) -> 239 | D40: =SUM(D2:D38) -> 464 | E40: =SUM(E2:E38) -> 502 | G40: =SUM(G2:G38) -> 453 | H40: =SUM(H2:H38) -> 239 | I40: =SUM(I2:I38) -> 464 | J40: =SUM(J2:J38) -> 502 | L40: =SUM(L2:L38) -> 453 | M40: =SUM(M2:M38) -> 239 | N40: =SUM(N2:N38) -> 464 | O40: =SUM(O2:O38) -> 502 | Q40: =SUM(Q2:Q38) -> 453 | R40: =SUM(R2:R38) -> 239 | S40: =SUM(S2:S38) -> 464 | T40: =SUM(T2:T38) -> 502 | V40: =SUM(V2:V38) -> 453 | W40: =SUM(W2:W38) -> 239 | X40: =SUM(X2:X38) -> 464 | Y40: =SUM(Y2:Y38) -> 502 | AA40: =SUM(AA2:AA38) -> 453 | AB40: =SUM(AB2:AB38) -> 239 | AC40: =SUM(AC2:AC38) -> 464 | AD40: =SUM(AD2:AD38) -> 502 | AF40: =SUM(AF2:AF38) -> 453 | AG40: =SUM(AG2:AG38) -> 239 | AH40: =SUM(AH2:AH38) -> 464 | AI40: =SUM(AI2:AI38) -> 502 | AK40: =SUM(AK2:AK38) -> 453 | AL40: =SUM(AL2:AL38) -> 239 | AM40: =SUM(AM2:AM38) -> 464 | AN40: =SUM(AN2:AN38) -> 502 | AP40: =SUM(AP2:AP38) -> 453 | AQ40: =SUM(AQ2:AQ38) -> 239 | AR40: =SUM(AR2:AR38) -> 464 | AS40: =SUM(AS2:AS38) -> 502 | AU40: =SUM(AU2:AU38) -> 453 | AV40: =SUM(AV2:AV38) -> 239 | AW40: =SUM(AW2:AW38) -> 464 | AX40: =SUM(AX2:AX38) -> 502 | BA40: =SUM(BA2:BA38) -> 239 | BB40: =SUM(BB2:BB38) -> 464 | BC40: =SUM(BC2:BC38) -> 502 | BD40: =SUM(BD2:BD38) -> 0

Sheet Totals ELV
A1: t | B1: Avg I Retailer | C1: Avg I Wholesaler | D1: Avg I Distributor | E1: Avg I Producer | F1: t | G1: Avg B Retailer | H1: Avg B Wholesaler | I1: Avg B Distributor | J1: Avg B Producer | K1: t | L1: Avg O Retailer | M1: Avg O Wholesaler | N1: Avg O Distributor | O1: Avg O Producer | P1: t | Q1: Avg ihc Retailer | R1: Avg ihc Wholesaler | S1: Avg ihc Distributor | T1: Avg ihc Producer | U1: t | V1: Avg ubc Retailer | W1: Avg ubc Wholesaler | X1: Avg ubc Distributor | Y1: Avg ubc Producer | Z1: t6 | AA1: Avg TC Retailer | AB1: Avg TC Wholesaler | AC1: Avg TC Distributor | AD1: Avg TC Producer
A2: 0 | B2: ='Inventory ELV'!BC2 -> 12 | C2: ='Inventory ELV'!BD2 -> 12 | D2: ='Inventory ELV'!BA2 -> 12 | E2: ='Inventory ELV'!BB2 -> 12 | F2: 0 | G2: ='Backlog ELV'!BC2 -> 0 | H2: ='Backlog ELV'!BD2 -> 0 | I2: ='Backlog ELV'!BA2 -> 0 | J2: ='Backlog ELV'!BB2 -> 0 | K2: 0 | L2: ='Orders ELV'!BB2 -> 0 | M2: ='Orders ELV'!BC2 -> 0 | N2: ='Orders ELV'!AZ2 -> 0 | O2: ='Orders ELV'!BA2 -> 0 | P2: 0 | Q2: =ROUND('IHC ELV'!BB2,2) -> 0 | R2: =ROUND('IHC ELV'!BC2,2) -> 0 | S2: =ROUND('IHC ELV'!AZ2,2) -> 0 | T2: =ROUND('IHC ELV'!BA2,2) -> 0 | U2: 0 | V2: =ROUND('UBC ELV'!BA2,2) -> 0 | W2: =ROUND('UBC ELV'!BB2,2) -> 0 | X2: =ROUND('UBC ELV'!AY2,2) -> 0 | Y2: =ROUND('UBC ELV'!AZ2,2) -> 0 | Z2: 0 | AA2: =Q2+V2 -> 0 | AB2: =R2+W2 -> 0 | AC2: =S2+X2 -> 0 | AD2: =T2+Y2 -> 0
A3: 1 | B3: ='Inventory ELV'!BC3 -> 12 | C3: ='Inventory ELV'!BD3 -> 12 | D3: ='Inventory ELV'!BA3 -> 12 | E3: ='Inventory ELV'!BB3 -> 12 | F3: 1 | G3: ='Backlog ELV'!BC3 -> 0 | H3: ='Backlog ELV'!BD3 -> 0 | I3: ='Backlog ELV'!BA3 -> 0 | J3: ='Backlog ELV'!BB3 -> 0 | K3: 1 | L3: ='Orders ELV'!BB3 -> 4 | M3: ='Orders ELV'!BC3 -> 4 | N3: ='Orders ELV'!AZ3 -> 4 | O3: ='Orders ELV'!BA3 -> 4 | P3: 1 | Q3: =ROUND('IHC ELV'!BB3,2) -> 6 | R3: =ROUND('IHC ELV'!BC3,2) -> 6 | S3: =ROUND('IHC ELV'!AZ3,2) -> 6 | T3: =ROUND('IHC ELV'!BA3,2) -> 6 | U3: 1 | V3: =ROUND('UBC ELV'!BA3,2) -> 0 | W3: =ROUND('UBC ELV'!BB3,2) -> 0 | X3: =ROUND('UBC ELV'!AY3,2) -> 0 | Y3: =ROUND('UBC ELV'!AZ3,2) -> 0 | Z3: 1 | AA3: =Q3+V3+AA2 -> 6 | AB3: =R3+W3+AB2 -> 6 | AC3: =S3+X3+AC2 -> 6 | AD3: =T3+Y3+AD2 -> 6
A4: 2 | B4: ='Inventory ELV'!BC4 -> 16 | C4: ='Inventory ELV'!BD4 -> 16 | D4: ='Inventory ELV'!BA4 -> 16 | E4: ='Inventory ELV'!BB4 -> 20 | F4: 2 | G4: ='Backlog ELV'!BC4 -> 0 | H4: ='Backlog ELV'!BD4 -> 0 | I4: ='Backlog ELV'!BA4 -> 0 | J4: ='Backlog ELV'!BB4 -> 0 | K4: 2 | L4: ='Orders ELV'!BB4 -> 4 | M4: ='Orders ELV'!BC4 -> 4 | N4: ='Orders ELV'!AZ4 -> 4 | O4: ='Orders ELV'!BA4 -> 4 | P4: 2 | Q4: =ROUND('IHC ELV'!BB4,2) -> 8 | R4: =ROUND('IHC ELV'!BC4,2) -> 5.8 | S4: =ROUND('IHC ELV'!AZ4,2) -> 6 | T4: =ROUND('IHC ELV'!BA4,2) -> 9.6 | U4: 2 | V4: =ROUND('UBC ELV'!BA4,2) -> 0 | W4: =ROUND('UBC ELV'!BB4,2) -> 0 | X4: =ROUND('UBC ELV'!AY4,2) -> 0 | Y4: =ROUND('UBC ELV'!AZ4,2) -> 0 | Z4: 2 | AA4: =Q4+V4+AA3 -> 14 | AB4: =R4+W4+AB3 -> 11.8 | AC4: =S4+X4+AC3 -> 12 | AD4: =T4+Y4+AD3 -> 15.6
A5: 3 | B5: ='Inventory ELV'!BC5 -> 16 | C5: ='Inventory ELV'!BD5 -> 8 | D5: ='Inventory ELV'!BA5 -> 12 | E5: ='Inventory ELV'!BB5 -> 12 | F5: 3 | G5: ='Backlog ELV'!BC5 -> 0 | H5: ='Backlog ELV'!BD5 -> 0 | I5: ='Backlog ELV'!BA5 -> 0 | J5: ='Backlog ELV'!BB5 -> 0 | K5: 3 | L5: ='Orders ELV'!BB5 -> 4 | M5: ='Orders ELV'!BC5 -> 4 | N5: ='Orders ELV'!AZ5 -> 4 | O5: ='Orders ELV'!BA5 -> 4 | P5: 3 | Q5: =ROUND('IHC ELV'!BB5,2) -> 6.4 | R5: =ROUND('IHC ELV'!BC5,2) -> 4.8 | S5: =ROUND('IHC ELV'!AZ5,2) -> 6 | T5: =ROUND('IHC ELV'!BA5,2) -> 6.2 | U5: 3 | V5: =ROUND('UBC ELV'!BA5,2) -> 0 | W5: =ROUND('UBC ELV'!BB5,2) -> 0 | X5: =ROUND('UBC ELV'!AY5,2) -> 0 | Y5: =ROUND('UBC ELV'!AZ5,2) -> 0 | Z5: 3 | AA5: =Q5+V5+AA4 -> 20.4 | AB5: =R5+W5+AB4 -> 16.6 | AC5: =S5+X5+AC4 -> 18 | AD5: =T5+Y5+AD4 -> 21.8
A6: 4 | B6: ='Inventory ELV'!BC6 -> 16 | C6: ='Inventory ELV'!BD6 -> 12 | D6: ='Inventory ELV'!BA6 -> 8 | E6: ='Inventory ELV'!BB6 -> 12 | F6: 4 | G6: ='Backlog ELV'!BC6 -> 0 | H6: ='Backlog ELV'!BD6 -> 0 | I6: ='Backlog ELV'!BA6 -> 0 | J6: ='Backlog ELV'!BB6 -> 0 | K6: 4 | L6: ='Orders ELV'!BB6 -> 4 | M6: ='Orders ELV'!BC6 -> 4 | N6: ='Orders ELV'!AZ6 -> 4 | O6: ='Orders ELV'!BA6 -> 4 | P6: 4 | Q6: =ROUND('IHC ELV'!BB6,2) -> 6.2 | R6: =ROUND('IHC ELV'!BC6,2) -> 5 | S6: =ROUND('IHC ELV'!AZ6,2) -> 4.2 | T6: =ROUND('IHC ELV'!BA6,2) -> 5.8 | U6: 4 | V6: =ROUND('UBC ELV'!BA6,2) -> 0 | W6: =ROUND('UBC ELV'!BB6,2) -> 0 | X6: =ROUND('UBC ELV'!AY6,2) -> 0 | Y6: =ROUND('UBC ELV'!AZ6,2) -> 0 | Z6: 4 | AA6: =Q6+V6+AA5 -> 26.6 | AB6: =R6+W6+AB5 -> 21.6 | AC6: =S6+X6+AC5 -> 22.2 | AD6: =T6+Y6+AD5 -> 27.6
A7: 5 | B7: ='Inventory ELV'!BC7 -> 8 | C7: ='Inventory ELV'!BD7 -> 12 | D7: ='Inventory ELV'!BA7 -> 12 | E7: ='Inventory ELV'!BB7 -> 12 | F7: 5 | G7: ='Backlog ELV'!BC7 -> 0 | H7: ='Backlog ELV'!BD7 -> 0 | I7: ='Backlog ELV'!BA7 -> 0 | J7: ='Backlog ELV'!BB7 -> 0 | K7: 5 | L7: ='Orders ELV'!BB7 -> 4 | M7: ='Orders ELV'!BC7 -> 4 | N7: ='Orders ELV'!AZ7 -> 8 | O7: ='Orders ELV'!BA7 -> 4 | P7: 5 | Q7: =ROUND('IHC ELV'!BB7,2) -> 4 | R7: =ROUND('IHC ELV'!BC7,2) -> 5.6 | S7: =ROUND('IHC ELV'!AZ7,2) -> 5.8 | T7: =ROUND('IHC ELV'!BA7,2) -> 5.8 | U7: 5 | V7: =ROUND('UBC ELV'!BA7,2) -> 0 | W7: =ROUND('UBC ELV'!BB7,2) -> 0 | X7: =ROUND('UBC ELV'!AY7,2) -> 0 | Y7: =ROUND('UBC ELV'!AZ7,2) -> 0 | Z7: 5 | AA7: =Q7+V7+AA6 -> 30.6 | AB7: =R7+W7+AB6 -> 27.2 | AC7: =S7+X7+AC6 -> 28 | AD7: =T7+Y7+AD6 -> 33.4
A8: 6 | B8: ='Inventory ELV'!BC8 -> 8 | C8: ='Inventory ELV'!BD8 -> 12 | D8: ='Inventory ELV'!BA8 -> 12 | E8: ='Inventory ELV'!BB8 -> 12 | F8: 6 | G8: ='Backlog ELV'!BC8 -> 0 | H8: ='Backlog ELV'!BD8 -> 0 | I8: ='Backlog ELV'!BA8 -> 0 | J8: ='Backlog ELV'!BB8 -> 0 | K8: 6 | L8: ='Orders ELV'!BB8 -> 6.8 | M8: ='Orders ELV'!BC8 -> 0 | N8: ='Orders ELV'!AZ8 -> 8 | O8: ='Orders ELV'!BA8 -> 0 | P8: 6 | Q8: =ROUND('IHC ELV'!BB8,2) -> 4 | R8: =ROUND('IHC ELV'!BC8,2) -> 5.6 | S8: =ROUND('IHC ELV'!AZ8,2) -> 6 | T8: =ROUND('IHC ELV'!BA8,2) -> 5.8 | U8: 6 | V8: =ROUND('UBC ELV'!BA8,2) -> 0 | W8: =ROUND('UBC ELV'!BB8,2) -> 0 | X8: =ROUND('UBC ELV'!AY8,2) -> 0 | Y8: =ROUND('UBC ELV'!AZ8,2) -> 0 | Z8: 6 | AA8: =Q8+V8+AA7 -> 34.6 | AB8: =R8+W8+AB7 -> 32.8 | AC8: =S8+X8+AC7 -> 34 | AD8: =T8+Y8+AD7 -> 39.2
A9: 7 | B9: ='Inventory ELV'!BC9 -> 8 | C9: ='Inventory ELV'!BD9 -> 13 | D9: ='Inventory ELV'!BA9 -> 16 | E9: ='Inventory ELV'!BB9 -> 16 | F9: 7 | G9: ='Backlog ELV'!BC9 -> 0 | H9: ='Backlog ELV'!BD9 -> 0 | I9: ='Backlog ELV'!BA9 -> 0 | J9: ='Backlog ELV'!BB9 -> 0 | K9: 7 | L9: ='Orders ELV'!BB9 -> 9.4 | M9: ='Orders ELV'!BC9 -> 0.4 | N9: ='Orders ELV'!AZ9 -> 8 | O9: ='Orders ELV'!BA9 -> 0.8 | P9: 7 | Q9: =ROUND('IHC ELV'!BB9,2) -> 4 | R9: =ROUND('IHC ELV'!BC9,2) -> 4.4 | S9: =ROUND('IHC ELV'!AZ9,2) -> 8 | T9: =ROUND('IHC ELV'!BA9,2) -> 8 | U9: 7 | V9: =ROUND('UBC ELV'!BA9,2) -> 0 | W9: =ROUND('UBC ELV'!BB9,2) -> 0 | X9: =ROUND('UBC ELV'!AY9,2) -> 0 | Y9: =ROUND('UBC ELV'!AZ9,2) -> 0 | Z9: 7 | AA9: =Q9+V9+AA8 -> 38.6 | AB9: =R9+W9+AB8 -> 37.2 | AC9: =S9+X9+AC8 -> 42 | AD9: =T9+Y9+AD8 -> 47.2
A10: 8 | B10: ='Inventory ELV'!BC10 -> 8 | C10: ='Inventory ELV'!BD10 -> 8 | D10: ='Inventory ELV'!BA10 -> 16 | E10: ='Inventory ELV'!BB10 -> 11 | F10: 8 | G10: ='Backlog ELV'!BC10 -> 0 | H10: ='Backlog ELV'!BD10 -> 0 | I10: ='Backlog ELV'!BA10 -> 0 | J10: ='Backlog ELV'!BB10 -> 0 | K10: 8 | L10: ='Orders ELV'!BB10 -> 9 | M10: ='Orders ELV'!BC10 -> 8.8 | N10: ='Orders ELV'!AZ10 -> 8 | O10: ='Orders ELV'!BA10 -> 0 | P10: 8 | Q10: =ROUND('IHC ELV'!BB10,2) -> 4 | R10: =ROUND('IHC ELV'!BC10,2) -> 3.3 | S10: =ROUND('IHC ELV'!AZ10,2) -> 7.8 | T10: =ROUND('IHC ELV'!BA10,2) -> 5.8 | U10: 8 | V10: =ROUND('UBC ELV'!BA10,2) -> 0 | W10: =ROUND('UBC ELV'!BB10,2) -> 0 | X10: =ROUND('UBC ELV'!AY10,2) -> 0 | Y10: =ROUND('UBC ELV'!AZ10,2) -> 0 | Z10: 8 | AA10: =Q10+V10+AA9 -> 42.6 | AB10: =R10+W10+AB9 -> 40.5 | AC10: =S10+X10+AC9 -> 49.8 | AD10: =T10+Y10+AD9 -> 53
A11: 9 | B11: ='Inventory ELV'!BC11 -> 7 | C11: ='Inventory ELV'!BD11 -> 2 | D11: ='Inventory ELV'!BA11 -> 12 | E11: ='Inventory ELV'!BB11 -> 12 | F11: 9 | G11: ='Backlog ELV'!BC11 -> 0 | H11: ='Backlog ELV'!BD11 -> 0 | I11: ='Backlog ELV'!BA11 -> 1.5 | J11: ='Backlog ELV'!BB11 -> 0 | K11: 9 | L11: ='Orders ELV'!BB11 -> 8.4 | M11: ='Orders ELV'!BC11 -> 12.8 | N11: ='Orders ELV'!AZ11 -> 8 | O11: ='Orders ELV'!BA11 -> 0 | P11: 9 | Q11: =ROUND('IHC ELV'!BB11,2) -> 5.4 | R11: =ROUND('IHC ELV'!BC11,2) -> 1.5 | S11: =ROUND('IHC ELV'!AZ11,2) -> 2.35 | T11: =ROUND('IHC ELV'!BA11,2) -> 6.3 | U11: 9 | V11: =ROUND('UBC ELV'!BA11,2) -> 0 | W11: =ROUND('UBC ELV'!BB11,2) -> 0 | X11: =ROUND('UBC ELV'!AY11,2) -> 1.5 | Y11: =ROUND('UBC ELV'!AZ11,2) -> 0 | Z11: 9 | AA11: =Q11+V11+AA10 -> 48 | AB11: =R11+W11+AB10 -> 42 | AC11: =S11+X11+AC10 -> 53.65 | AD11: =T11+Y11+AD10 -> 59.3
A12: 10 | B12: ='Inventory ELV'!BC12 -> 12 | C12: ='Inventory ELV'!BD12 -> 2 | D12: ='Inventory ELV'!BA12 -> 0 | E12: ='Inventory ELV'!BB12 -> 12 | F12: 10 | G12: ='Backlog ELV'!BC12 -> 0 | H12: ='Backlog ELV'!BD12 -> 0 | I12: ='Backlog ELV'!BA12 -> 1.3 | J12: ='Backlog ELV'!BB12 -> 0 | K12: 10 | L12: ='Orders ELV'!BB12 -> 7.2 | M12: ='Orders ELV'!BC12 -> 10.1 | N12: ='Orders ELV'!AZ12 -> 8 | O12: ='Orders ELV'!BA12 -> 14.1 | P12: 10 | Q12: =ROUND('IHC ELV'!BB12,2) -> 6.7 | R12: =ROUND('IHC ELV'!BC12,2) -> 2 | S12: =ROUND('IHC ELV'!AZ12,2) -> 0.65 | T12: =ROUND('IHC ELV'!BA12,2) -> 6.1 | U12: 10 | V12: =ROUND('UBC ELV'!BA12,2) -> 0 | W12: =ROUND('UBC ELV'!BB12,2) -> 0 | X12: =ROUND('UBC ELV'!AY12,2) -> 1.3 | Y12: =ROUND('UBC ELV'!AZ12,2) -> 0 | Z12: 10 | AA12: =Q12+V12+AA11 -> 54.7 | AB12: =R12+W12+AB11 -> 44 | AC12: =S12+X12+AC11 -> 55.6 | AD12: =T12+Y12+AD11 -> 65.4
A13: 11 | B13: ='Inventory ELV'!BC13 -> 14 | C13: ='Inventory ELV'!BD13 -> 3 | D13: ='Inventory ELV'!BA13 -> 0 | E13: ='Inventory ELV'!BB13 -> 12 | F13: 11 | G13: ='Backlog ELV'!BC13 -> 0 | H13: ='Backlog ELV'!BD13 -> 0 | I13: ='Backlog ELV'!BA13 -> 1.6 | J13: ='Backlog ELV'!BB13 -> 7.6 | K13: 11 | L13: ='Orders ELV'!BB13 -> 7.3 | M13: ='Orders ELV'!BC13 -> 4.7 | N13: ='Orders ELV'!AZ13 -> 8 | O13: ='Orders ELV'!BA13 -> 18.5 | P13: 11 | Q13: =ROUND('IHC ELV'!BB13,2) -> 6.65 | R13: =ROUND('IHC ELV'!BC13,2) -> 6.05 | S13: =ROUND('IHC ELV'!AZ13,2) -> 1.15 | T13: =ROUND('IHC ELV'!BA13,2) -> 1.85 | U13: 11 | V13: =ROUND('UBC ELV'!BA13,2) -> 0 | W13: =ROUND('UBC ELV'!BB13,2) -> 0 | X13: =ROUND('UBC ELV'!AY13,2) -> 1.6 | Y13: =ROUND('UBC ELV'!AZ13,2) -> 7.6 | Z13: 11 | AA13: =Q13+V13+AA12 -> 61.35 | AB13: =R13+W13+AB12 -> 50.05 | AC13: =S13+X13+AC12 -> 58.35 | AD13: =T13+Y13+AD12 -> 74.85
A14: 12 | B14: ='Inventory ELV'!BC14 -> 14 | C14: ='Inventory ELV'!BD14 -> 18 | D14: ='Inventory ELV'!BA14 -> 3 | E14: ='Inventory ELV'!BB14 -> 0 | F14: 12 | G14: ='Backlog ELV'!BC14 -> 0 | H14: ='Backlog ELV'!BD14 -> 0 | I14: ='Backlog ELV'!BA14 -> 0 | J14: ='Backlog ELV'!BB14 -> 13.8 | K14: 12 | L14: ='Orders ELV'!BB14 -> 8.1 | M14: ='Orders ELV'!BC14 -> 0.9 | N14: ='Orders ELV'!AZ14 -> 8 | O14: ='Orders ELV'!BA14 -> 8.8 | P14: 12 | Q14: =ROUND('IHC ELV'!BB14,2) -> 6.2 | R14: =ROUND('IHC ELV'!BC14,2) -> 8.1 | S14: =ROUND('IHC ELV'!AZ14,2) -> 3.65 | T14: =ROUND('IHC ELV'!BA14,2) -> 0.45 | U14: 12 | V14: =ROUND('UBC ELV'!BA14,2) -> 0 | W14: =ROUND('UBC ELV'!BB14,2) -> 0 | X14: =ROUND('UBC ELV'!AY14,2) -> 0 | Y14: =ROUND('UBC ELV'!AZ14,2) -> 13.8 | Z14: 12 | AA14: =Q14+V14+AA13 -> 67.55 | AB14: =R14+W14+AB13 -> 58.15 | AC14: =S14+X14+AC13 -> 62 | AD14: =T14+Y14+AD13 -> 89.1
... A38: 36 | B38: ='Inventory ELV'!BC38 -> 13 | C38: ='Inventory ELV'!BD38 -> 13 | D38: ='Inventory ELV'!BA38 -> 8 | E38: ='Inventory ELV'!BB38 -> 0 | F38: 36 | G38: ='Backlog ELV'!BC38 -> 0 | H38: ='Backlog ELV'!BD38 -> 0 | I38: ='Backlog ELV'!BA38 -> 0 | J38: ='Backlog ELV'!BB38 -> 3.9 | K38: 36 | L38: ='Orders ELV'!BB38 -> 8.2 | M38: ='Orders ELV'!BC38 -> 6.5 | N38: ='Orders ELV'!AZ38 -> 8 | O38: ='Orders ELV'!BA38 -> 3 | P38: 36 | Q38: =ROUND('IHC ELV'!BB38,2) -> 6.15 | R38: =ROUND('IHC ELV'!BC38,2) -> 5.75 | S38: =ROUND('IHC ELV'!AZ38,2) -> 5.4 | T38: =ROUND('IHC ELV'!BA38,2) -> 4.75 | U38: 36 | V38: =ROUND('UBC ELV'!BA38,2) -> 0 | W38: =ROUND('UBC ELV'!BB38,2) -> 0 | X38: =ROUND('UBC ELV'!AY38,2) -> 0 | Y38: =ROUND('UBC ELV'!AZ38,2) -> 3.9 | Z38: 36 | AA38: =Q38+V38+AA37 -> 213.6 | AB38: =R38+W38+AB37 -> 181.1 | AC38: =S38+X38+AC37 -> 195.8 | AD38: =T38+Y38+AD37 -> 300.55

Sheet Graphs ELV

Sheet Inventory ELV
A1: t | B1: i_d | C1: i_f | D1: i_r | E1: i_w | F1: 1 | G1: 1 | H1: i_f | I1: i_r | J1: i_w | K1: 2 | L1: i_d | M1: i_f | N1: i_r | O1: i_w | P1: 3 | Q1: i_d | R1: i_f | S1: i_r | T1: i_w | U1: 4 | V1: i_d | W1: i_f | X1: i_r | Y1: i_w | Z1: 5 | AA1: i_d | AB1: i_f | AC1: i_r | AD1: i_w | AE1: 6 | AF1: i_d | AG1: i_f | AH1: i_r | AI1: i_w | AJ1: 7 | AK1: i_d | AL1: i_f | AM1: i_r | AN1: i_w | AO1: 8 | AP1: i_d | AQ1: i_f | AR1: i_r | AS1: i_w | AT1: 9 | AU1: i_d | AV1: i_f | AW1: i_r | AX1: i_w | AY1: 10 | BA1: Avg I Distributor | BB1: Avg I Factory | BC1: Avg I Retailer | BD1: Avg I Wolesaler
A2: 0 | B2: =[1]CRP_Outcome_ELV!$S2 -> 12 | C2: =[1]CRP_Outcome_ELV!$T2 -> 12 | D2: =[1]CRP_Outcome_ELV!$U2 -> 12 | E2: =[1]CRP_Outcome_ELV!$V2 -> 12 | G2: =[2]CRP_Outcome_ELV!$T2 -> 12 | H2: =[2]CRP_Outcome_ELV!$T2 -> 12 | I2: =[2]CRP_Outcome_ELV!$U2 -> 12 | J2: =[2]CRP_Outcome_ELV!$V2 -> 12 | L2: =[3]CRP_Outcome_ELV!$S2 -> 12 | M2: =[3]CRP_Outcome_ELV!$T2 -> 12 | N2: =[3]CRP_Outcome_ELV!$U2 -> 12 | O2: =[3]CRP_Outcome_ELV!$V2 -> 12 | Q2: =[4]CRP_Outcome_ELV!$S2 -> 12 | R2: =[4]CRP_Outcome_ELV!$T2 -> 12 | S2: =[4]CRP_Outcome_ELV!$U2 -> 12 | T2: =[4]CRP_Outcome_ELV!$V2 -> 12 | V2: =[5]CRP_Outcome_ELV!$S2 -> 12 | W2: =[5]CRP_Outcome_ELV!$T2 -> 12 | X2: =[5]CRP_Outcome_ELV!$U2 -> 12 | Y2: =[5]CRP_Outcome_ELV!$V2 -> 12 | AA2: =[6]CRP_Outcome_ELV!$S2 -> 12 | AB2: =[6]CRP_Outcome_ELV!$T2 -> 12 | AC2: =[6]CRP_Outcome_ELV!$U2 -> 12 | AD2: =[6]CRP_Outcome_ELV!$V2 -> 12 | AF2: =[7]CRP_Outcome_ELV!$S2 -> 12 | AG2: =[7]CRP_Outcome_ELV!$T2 -> 12 | AH2: =[7]CRP_Outcome_ELV!$U2 -> 12 | AI2: =[7]CRP_Outcome_ELV!$V2 -> 12 | AK2: =[8]CRP_Outcome_ELV!$S2 -> 12 | AL2: =[8]CRP_Outcome_ELV!$T2 -> 12 | AM2: =[8]CRP_Outcome_ELV!$U2 -> 12 | AN2: =[8]CRP_Outcome_ELV!$V2 -> 12 | AP2: =[9]CRP_Outcome_ELV!$S2 -> 12 | AQ2: =[9]CRP_Outcome_ELV!$T2 -> 12 | AR2: =[9]CRP_Outcome_ELV!$U2 -> 12 | AS2: =[9]CRP_Outcome_ELV!$V2 -> 12 | AU2: =[10]CRP_Outcome_ELV!$S2 -> 12 | AV2: =[10]CRP_Outcome_ELV!$T2 -> 12 | AW2: =[10]CRP_Outcome_ELV!$U2 -> 12 | AX2: =[10]CRP_Outcome_ELV!$V2 -> 12 | BA2: =[1]CRP_Outcome_ELV!$S2 -> 12 | BB2: =[1]CRP_Outcome_ELV!$T2 -> 12 | BC2: =[1]CRP_Outcome_ELV!$U2 -> 12 | BD2: =[1]CRP_Outcome_ELV!$V2 -> 12
A3: 1 | B3: =[1]CRP_Outcome_ELV!$S3 -> 12 | C3: =[1]CRP_Outcome_ELV!$T3 -> 12 | D3: =[1]CRP_Outcome_ELV!$U3 -> 12 | E3: =[1]CRP_Outcome_ELV!$V3 -> 12 | G3: =[2]CRP_Outcome_ELV!$S3 -> 12 | H3: =[2]CRP_Outcome_ELV!$T3 -> 12 | I3: =[2]CRP_Outcome_ELV!$U3 -> 12 | J3: =[2]CRP_Outcome_ELV!$V3 -> 12 | L3: =[3]CRP_Outcome_ELV!$S3 -> 12 | M3: =[3]CRP_Outcome_ELV!$T3 -> 12 | N3: =[3]CRP_Outcome_ELV!$U3 -> 12 | O3: =[3]CRP_Outcome_ELV!$V3 -> 12 | Q3: =[4]CRP_Outcome_ELV!$S3 -> 12 | R3: =[4]CRP_Outcome_ELV!$T3 -> 12 | S3: =[4]CRP_Outcome_ELV!$U3 -> 12 | T3: =[4]CRP_Outcome_ELV!$V3 -> 12 | V3: =[5]CRP_Outcome_ELV!$S3 -> 12 | W3: =[5]CRP_Outcome_ELV!$T3 -> 12 | X3: =[5]CRP_Outcome_ELV!$U3 -> 12 | Y3: =[5]CRP_Outcome_ELV!$V3 -> 12 | AA3: =[6]CRP_Outcome_ELV!$S3 -> 12 | AB3: =[6]CRP_Outcome_ELV!$T3 -> 12 | AC3: =[6]CRP_Outcome_ELV!$U3 -> 12 | AD3: =[6]CRP_Outcome_ELV!$V3 -> 12 | AF3: =[7]CRP_Outcome_ELV!$S3 -> 12 | AG3: =[7]CRP_Outcome_ELV!$T3 -> 12 | AH3: =[7]CRP_Outcome_ELV!$U3 -> 12 | AI3: =[7]CRP_Outcome_ELV!$V3 -> 12 | AK3: =[8]CRP_Outcome_ELV!$S3 -> 12 | AL3: =[8]CRP_Outcome_ELV!$T3 -> 12 | AM3: =[8]CRP_Outcome_ELV!$U3 -> 12 | AN3: =[8]CRP_Outcome_ELV!$V3 -> 12 | AP3: =[9]CRP_Outcome_ELV!$S3 -> 12 | AQ3: =[9]CRP_Outcome_ELV!$T3 -> 12 | AR3: =[9]CRP_Outcome_ELV!$U3 -> 12 | AS3: =[9]CRP_Outcome_ELV!$V3 -> 12 | AU3: =[10]CRP_Outcome_ELV!$S3 -> 12 | AV3: =[10]CRP_Outcome_ELV!$T3 -> 12 | AW3: =[10]CRP_Outcome_ELV!$U3 -> 12 | AX3: =[10]CRP_Outcome_ELV!$V3 -> 12 | BA3: =[1]CRP_Outcome_ELV!$S3 -> 12 | BB3: =[1]CRP_Outcome_ELV!$T3 -> 12 | BC3: =[1]CRP_Outcome_ELV!$U3 -> 12 | BD3: =[1]CRP_Outcome_ELV!$V3 -> 12
A4: 2 | B4: =[1]CRP_Outcome_ELV!$S4 -> 16 | C4: =[1]CRP_Outcome_ELV!$T4 -> 20 | D4: =[1]CRP_Outcome_ELV!$U4 -> 16 | E4: =[1]CRP_Outcome_ELV!$V4 -> 16 | G4: =[2]CRP_Outcome_ELV!$S4 -> 12 | H4: =[2]CRP_Outcome_ELV!$T4 -> 20 | I4: =[2]CRP_Outcome_ELV!$U4 -> 16 | J4: =[2]CRP_Outcome_ELV!$V4 -> 12 | L4: =[3]CRP_Outcome_ELV!$S4 -> 12 | M4: =[3]CRP_Outcome_ELV!$T4 -> 20 | N4: =[3]CRP_Outcome_ELV!$U4 -> 20 | O4: =[3]CRP_Outcome_ELV!$V4 -> 16 | Q4: =[4]CRP_Outcome_ELV!$S4 -> 12 | R4: =[4]CRP_Outcome_ELV!$T4 -> 20 | S4: =[4]CRP_Outcome_ELV!$U4 -> 20 | T4: =[4]CRP_Outcome_ELV!$V4 -> 12 | V4: =[5]CRP_Outcome_ELV!$S4 -> 8 | W4: =[5]CRP_Outcome_ELV!$T4 -> 20 | X4: =[5]CRP_Outcome_ELV!$U4 -> 12 | Y4: =[5]CRP_Outcome_ELV!$V4 -> 12 | AA4: =[6]CRP_Outcome_ELV!$S4 -> 12 | AB4: =[6]CRP_Outcome_ELV!$T4 -> 20 | AC4: =[6]CRP_Outcome_ELV!$U4 -> 16 | AD4: =[6]CRP_Outcome_ELV!$V4 -> 8 | AF4: =[7]CRP_Outcome_ELV!$S4 -> 12 | AG4: =[7]CRP_Outcome_ELV!$T4 -> 20 | AH4: =[7]CRP_Outcome_ELV!$U4 -> 16 | AI4: =[7]CRP_Outcome_ELV!$V4 -> 8 | AK4: =[8]CRP_Outcome_ELV!$S4 -> 12 | AL4: =[8]CRP_Outcome_ELV!$T4 -> 20 | AM4: =[8]CRP_Outcome_ELV!$U4 -> 12 | AN4: =[8]CRP_Outcome_ELV!$V4 -> 8 | AP4: =[9]CRP_Outcome_ELV!$S4 -> 12 | AQ4: =[9]CRP_Outcome_ELV!$T4 -> 20 | AR4: =[9]CRP_Outcome_ELV!$U4 -> 20 | AS4: =[9]CRP_Outcome_ELV!$V4 -> 12 | AU4: =[10]CRP_Outcome_ELV!$S4 -> 12 | AV4: =[10]CRP_Outcome_ELV!$T4 -> 12 | AW4: =[10]CRP_Outcome_ELV!$U4 -> 12 | AX4: =[10]CRP_Outcome_ELV!$V4 -> 12 | BA4: =[1]CRP_Outcome_ELV!$S4 -> 16 | BB4: =[1]CRP_Outcome_ELV!$T4 -> 20 | BC4: =[1]CRP_Outcome_ELV!$U4 -> 16 | BD4: =[1]CRP_Outcome_ELV!$V4 -> 16
A5: 3 | B5: =[1]CRP_Outcome_ELV!$S5 -> 12 | C5: =[1]CRP_Outcome_ELV!$T5 -> 12 | D5: =[1]CRP_Outcome_ELV!$U5 -> 16 | E5: =[1]CRP_Outcome_ELV!$V5 -> 8 | G5: =[2]CRP_Outcome_ELV!$S5 -> 12 | H5: =[2]CRP_Outcome_ELV!$T5 -> 20 | I5: =[2]CRP_Outcome_ELV!$U5 -> 12 | J5: =[2]CRP_Outcome_ELV!$V5 -> 12 | L5: =[3]CRP_Outcome_ELV!$S5 -> 12 | M5: =[3]CRP_Outcome_ELV!$T5 -> 12 | N5: =[3]CRP_Outcome_ELV!$U5 -> 12 | O5: =[3]CRP_Outcome_ELV!$V5 -> 8 | Q5: =[4]CRP_Outcome_ELV!$S5 -> 12 | R5: =[4]CRP_Outcome_ELV!$T5 -> 12 | S5: =[4]CRP_Outcome_ELV!$U5 -> 12 | T5: =[4]CRP_Outcome_ELV!$V5 -> 12 | V5: =[5]CRP_Outcome_ELV!$S5 -> 12 | W5: =[5]CRP_Outcome_ELV!$T5 -> 12 | X5: =[5]CRP_Outcome_ELV!$U5 -> 16 | Y5: =[5]CRP_Outcome_ELV!$V5 -> 12 | AA5: =[6]CRP_Outcome_ELV!$S5 -> 12 | AB5: =[6]CRP_Outcome_ELV!$T5 -> 12 | AC5: =[6]CRP_Outcome_ELV!$U5 -> 12 | AD5: =[6]CRP_Outcome_ELV!$V5 -> 12 | AF5: =[7]CRP_Outcome_ELV!$S5 -> 12 | AG5: =[7]CRP_Outcome_ELV!$T5 -> 12 | AH5: =[7]CRP_Outcome_ELV!$U5 -> 12 | AI5: =[7]CRP_Outcome_ELV!$V5 -> 12 | AK5: =[8]CRP_Outcome_ELV!$S5 -> 12 | AL5: =[8]CRP_Outcome_ELV!$T5 -> 12 | AM5: =[8]CRP_Outcome_ELV!$U5 -> 12 | AN5: =[8]CRP_Outcome_ELV!$V5 -> 4 | AP5: =[9]CRP_Outcome_ELV!$S5 -> 12 | AQ5: =[9]CRP_Outcome_ELV!$T5 -> 8 | AR5: =[9]CRP_Outcome_ELV!$U5 -> 12 | AS5: =[9]CRP_Outcome_ELV!$V5 -> 4 | AU5: =[10]CRP_Outcome_ELV!$S5 -> 12 | AV5: =[10]CRP_Outcome_ELV!$T5 -> 12 | AW5: =[10]CRP_Outcome_ELV!$U5 -> 12 | AX5: =[10]CRP_Outcome_ELV!$V5 -> 12 | BA5: =[1]CRP_Outcome_ELV!$S5 -> 12 | BB5: =[1]CRP_Outcome_ELV!$T5 -> 12 | BC5: =[1]CRP_Outcome_ELV!$U5 -> 16 | BD5: =[1]CRP_Outcome_ELV!$V5 -> 8
A6: 4 | B6: =[1]CRP_Outcome_ELV!$S6 -> 8 | C6: =[1]CRP_Outcome_ELV!$T6 -> 12 | D6: =[1]CRP_Outcome_ELV!$U6 -> 16 | E6: =[1]CRP_Outcome_ELV!$V6 -> 12 | G6: =[2]CRP_Outcome_ELV!$S6 -> 8 | H6: =[2]CRP_Outcome_ELV!$T6 -> 12 | I6: =[2]CRP_Outcome_ELV!$U6 -> 12 | J6: =[2]CRP_Outcome_ELV!$V6 -> 12 | L6: =[3]CRP_Outcome_ELV!$S6 -> 8 | M6: =[3]CRP_Outcome_ELV!$T6 -> 12 | N6: =[3]CRP_Outcome_ELV!$U6 -> 12 | O6: =[3]CRP_Outcome_ELV!$V6 -> 8 | Q6: =[4]CRP_Outcome_ELV!$S6 -> 8 | R6: =[4]CRP_Outcome_ELV!$T6 -> 12 | S6: =[4]CRP_Outcome_ELV!$U6 -> 12 | T6: =[4]CRP_Outcome_ELV!$V6 -> 12 | V6: =[5]CRP_Outcome_ELV!$S6 -> 8 | W6: =[5]CRP_Outcome_ELV!$T6 -> 12 | X6: =[5]CRP_Outcome_ELV!$U6 -> 12 | Y6: =[5]CRP_Outcome_ELV!$V6 -> 12 | AA6: =[6]CRP_Outcome_ELV!$S6 -> 8 | AB6: =[6]CRP_Outcome_ELV!$T6 -> 12 | AC6: =[6]CRP_Outcome_ELV!$U6 -> 12 | AD6: =[6]CRP_Outcome_ELV!$V6 -> 12 | AF6: =[7]CRP_Outcome_ELV!$S6 -> 8 | AG6: =[7]CRP_Outcome_ELV!$T6 -> 12 | AH6: =[7]CRP_Outcome_ELV!$U6 -> 12 | AI6: =[7]CRP_Outcome_ELV!$V6 -> 12 | AK6: =[8]CRP_Outcome_ELV!$S6 -> 8 | AL6: =[8]CRP_Outcome_ELV!$T6 -> 12 | AM6: =[8]CRP_Outcome_ELV!$U6 -> 12 | AN6: =[8]CRP_Outcome_ELV!$V6 -> 4 | AP6: =[9]CRP_Outcome_ELV!$S6 -> 8 | AQ6: =[9]CRP_Outcome_ELV!$T6 -> 8 | AR6: =[9]CRP_Outcome_ELV!$U6 -> 12 | AS6: =[9]CRP_Outcome_ELV!$V6 -> 4 | AU6: =[10]CRP_Outcome_ELV!$S6 -> 12 | AV6: =[10]CRP_Outcome_ELV!$T6 -> 12 | AW6: =[10]CRP_Outcome_ELV!$U6 -> 12 | AX6: =[10]CRP_Outcome_ELV!$V6 -> 12 | BA6: =[1]CRP_Outcome_ELV!$S6 -> 8 | BB6: =[1]CRP_Outcome_ELV!$T6 -> 12 | BC6: =[1]CRP_Outcome_ELV!$U6 -> 16 | BD6: =[1]CRP_Outcome_ELV!$V6 -> 12
A7: 5 | B7: =[1]CRP_Outcome_ELV!$S7 -> 12 | C7: =[1]CRP_Outcome_ELV!$T7 -> 12 | D7: =[1]CRP_Outcome_ELV!$U7 -> 8 | E7: =[1]CRP_Outcome_ELV!$V7 -> 12 | G7: =[2]CRP_Outcome_ELV!$S7 -> 8 | H7: =[2]CRP_Outcome_ELV!$T7 -> 12 | I7: =[2]CRP_Outcome_ELV!$U7 -> 8 | J7: =[2]CRP_Outcome_ELV!$V7 -> 12 | L7: =[3]CRP_Outcome_ELV!$S7 -> 12 | M7: =[3]CRP_Outcome_ELV!$T7 -> 12 | N7: =[3]CRP_Outcome_ELV!$U7 -> 8 | O7: =[3]CRP_Outcome_ELV!$V7 -> 12 | Q7: =[4]CRP_Outcome_ELV!$S7 -> 12 | R7: =[4]CRP_Outcome_ELV!$T7 -> 12 | S7: =[4]CRP_Outcome_ELV!$U7 -> 8 | T7: =[4]CRP_Outcome_ELV!$V7 -> 12 | V7: =[5]CRP_Outcome_ELV!$S7 -> 12 | W7: =[5]CRP_Outcome_ELV!$T7 -> 12 | X7: =[5]CRP_Outcome_ELV!$U7 -> 8 | Y7: =[5]CRP_Outcome_ELV!$V7 -> 12 | AA7: =[6]CRP_Outcome_ELV!$S7 -> 12 | AB7: =[6]CRP_Outcome_ELV!$T7 -> 12 | AC7: =[6]CRP_Outcome_ELV!$U7 -> 8 | AD7: =[6]CRP_Outcome_ELV!$V7 -> 12 | AF7: =[7]CRP_Outcome_ELV!$S7 -> 12 | AG7: =[7]CRP_Outcome_ELV!$T7 -> 12 | AH7: =[7]CRP_Outcome_ELV!$U7 -> 8 | AI7: =[7]CRP_Outcome_ELV!$V7 -> 12 | AK7: =[8]CRP_Outcome_ELV!$S7 -> 12 | AL7: =[8]CRP_Outcome_ELV!$T7 -> 12 | AM7: =[8]CRP_Outcome_ELV!$U7 -> 8 | AN7: =[8]CRP_Outcome_ELV!$V7 -> 8 | AP7: =[9]CRP_Outcome_ELV!$S7 -> 12 | AQ7: =[9]CRP_Outcome_ELV!$T7 -> 8 | AR7: =[9]CRP_Outcome_ELV!$U7 -> 8 | AS7: =[9]CRP_Outcome_ELV!$V7 -> 8 | AU7: =[10]CRP_Outcome_ELV!$S7 -> 12 | AV7: =[10]CRP_Outcome_ELV!$T7 -> 12 | AW7: =[10]CRP_Outcome_ELV!$U7 -> 8 | AX7: =[10]CRP_Outcome_ELV!$V7 -> 12 | BA7: =[1]CRP_Outcome_ELV!$S7 -> 12 | BB7: =[1]CRP_Outcome_ELV!$T7 -> 12 | BC7: =[1]CRP_Outcome_ELV!$U7 -> 8 | BD7: =[1]CRP_Outcome_ELV!$V7 -> 12
A8: 6 | B8: =[1]CRP_Outcome_ELV!$S8 -> 12 | C8: =[1]CRP_Outcome_ELV!$T8 -> 12 | D8: =[1]CRP_Outcome_ELV!$U8 -> 8 | E8: =[1]CRP_Outcome_ELV!$V8 -> 12 | G8: =[2]CRP_Outcome_ELV!$S8 -> 12 | H8: =[2]CRP_Outcome_ELV!$T8 -> 12 | I8: =[2]CRP_Outcome_ELV!$U8 -> 8 | J8: =[2]CRP_Outcome_ELV!$V8 -> 12 | L8: =[3]CRP_Outcome_ELV!$S8 -> 12 | M8: =[3]CRP_Outcome_ELV!$T8 -> 12 | N8: =[3]CRP_Outcome_ELV!$U8 -> 8 | O8: =[3]CRP_Outcome_ELV!$V8 -> 12 | Q8: =[4]CRP_Outcome_ELV!$S8 -> 12 | R8: =[4]CRP_Outcome_ELV!$T8 -> 12 | S8: =[4]CRP_Outcome_ELV!$U8 -> 8 | T8: =[4]CRP_Outcome_ELV!$V8 -> 12 | V8: =[5]CRP_Outcome_ELV!$S8 -> 12 | W8: =[5]CRP_Outcome_ELV!$T8 -> 12 | X8: =[5]CRP_Outcome_ELV!$U8 -> 8 | Y8: =[5]CRP_Outcome_ELV!$V8 -> 12 | AA8: =[6]CRP_Outcome_ELV!$S8 -> 12 | AB8: =[6]CRP_Outcome_ELV!$T8 -> 12 | AC8: =[6]CRP_Outcome_ELV!$U8 -> 8 | AD8: =[6]CRP_Outcome_ELV!$V8 -> 12 | AF8: =[7]CRP_Outcome_ELV!$S8 -> 12 | AG8: =[7]CRP_Outcome_ELV!$T8 -> 12 | AH8: =[7]CRP_Outcome_ELV!$U8 -> 8 | AI8: =[7]CRP_Outcome_ELV!$V8 -> 12 | AK8: =[8]CRP_Outcome_ELV!$S8 -> 12 | AL8: =[8]CRP_Outcome_ELV!$T8 -> 12 | AM8: =[8]CRP_Outcome_ELV!$U8 -> 8 | AN8: =[8]CRP_Outcome_ELV!$V8 -> 8 | AP8: =[9]CRP_Outcome_ELV!$S8 -> 12 | AQ8: =[9]CRP_Outcome_ELV!$T8 -> 8 | AR8: =[9]CRP_Outcome_ELV!$U8 -> 8 | AS8: =[9]CRP_Outcome_ELV!$V8 -> 8 | AU8: =[10]CRP_Outcome_ELV!$S8 -> 12 | AV8: =[10]CRP_Outcome_ELV!$T8 -> 12 | AW8: =[10]CRP_Outcome_ELV!$U8 -> 8 | AX8: =[10]CRP_Outcome_ELV!$V8 -> 12 | BA8: =[1]CRP_Outcome_ELV!$S8 -> 12 | BB8: =[1]CRP_Outcome_ELV!$T8 -> 12 | BC8: =[1]CRP_Outcome_ELV!$U8 -> 8 | BD8: =[1]CRP_Outcome_ELV!$V8 -> 12
A9: 7 | B9: =[1]CRP_Outcome_ELV!$S9 -> 16 | C9: =[1]CRP_Outcome_ELV!$T9 -> 16 | D9: =[1]CRP_Outcome_ELV!$U9 -> 8 | E9: =[1]CRP_Outcome_ELV!$V9 -> 13 | G9: =[2]CRP_Outcome_ELV!$S9 -> 16 | H9: =[2]CRP_Outcome_ELV!$T9 -> 16 | I9: =[2]CRP_Outcome_ELV!$U9 -> 8 | J9: =[2]CRP_Outcome_ELV!$V9 -> 9 | L9: =[3]CRP_Outcome_ELV!$S9 -> 16 | M9: =[3]CRP_Outcome_ELV!$T9 -> 16 | N9: =[3]CRP_Outcome_ELV!$U9 -> 8 | O9: =[3]CRP_Outcome_ELV!$V9 -> 9 | Q9: =[4]CRP_Outcome_ELV!$S9 -> 16 | R9: =[4]CRP_Outcome_ELV!$T9 -> 16 | S9: =[4]CRP_Outcome_ELV!$U9 -> 8 | T9: =[4]CRP_Outcome_ELV!$V9 -> 9 | V9: =[5]CRP_Outcome_ELV!$S9 -> 16 | W9: =[5]CRP_Outcome_ELV!$T9 -> 16 | X9: =[5]CRP_Outcome_ELV!$U9 -> 8 | Y9: =[5]CRP_Outcome_ELV!$V9 -> 12 | AA9: =[6]CRP_Outcome_ELV!$S9 -> 16 | AB9: =[6]CRP_Outcome_ELV!$T9 -> 16 | AC9: =[6]CRP_Outcome_ELV!$U9 -> 8 | AD9: =[6]CRP_Outcome_ELV!$V9 -> 7 | AF9: =[7]CRP_Outcome_ELV!$S9 -> 16 | AG9: =[7]CRP_Outcome_ELV!$T9 -> 16 | AH9: =[7]CRP_Outcome_ELV!$U9 -> 8 | AI9: =[7]CRP_Outcome_ELV!$V9 -> 7 | AK9: =[8]CRP_Outcome_ELV!$S9 -> 16 | AL9: =[8]CRP_Outcome_ELV!$T9 -> 16 | AM9: =[8]CRP_Outcome_ELV!$U9 -> 8 | AN9: =[8]CRP_Outcome_ELV!$V9 -> 8 | AP9: =[9]CRP_Outcome_ELV!$S9 -> 16 | AQ9: =[9]CRP_Outcome_ELV!$T9 -> 16 | AR9: =[9]CRP_Outcome_ELV!$U9 -> 8 | AS9: =[9]CRP_Outcome_ELV!$V9 -> 8 | AU9: =[10]CRP_Outcome_ELV!$S9 -> 16 | AV9: =[10]CRP_Outcome_ELV!$T9 -> 16 | AW9: =[10]CRP_Outcome_ELV!$U9 -> 8 | AX9: =[10]CRP_Outcome_ELV!$V9 -> 6 | BA9: =[1]CRP_Outcome_ELV!$S9 -> 16 | BB9: =[1]CRP_Outcome_ELV!$T9 -> 16 | BC9: =[1]CRP_Outcome_ELV!$U9 -> 8 | BD9: =[1]CRP_Outcome_ELV!$V9 -> 13
A10: 8 | B10: =[1]CRP_Outcome_ELV!$S10 -> 16 | C10: =[1]CRP_Outcome_ELV!$T10 -> 11 | D10: =[1]CRP_Outcome_ELV!$U10 -> 8 | E10: =[1]CRP_Outcome_ELV!$V10 -> 8 | G10: =[2]CRP_Outcome_ELV!$S10 -> 16 | H10: =[2]CRP_Outcome_ELV!$T10 -> 12 | I10: =[2]CRP_Outcome_ELV!$U10 -> 8 | J10: =[2]CRP_Outcome_ELV!$V10 -> 6 | L10: =[3]CRP_Outcome_ELV!$S10 -> 16 | M10: =[3]CRP_Outcome_ELV!$T10 -> 12 | N10: =[3]CRP_Outcome_ELV!$U10 -> 8 | O10: =[3]CRP_Outcome_ELV!$V10 -> 7 | Q10: =[4]CRP_Outcome_ELV!$S10 -> 16 | R10: =[4]CRP_Outcome_ELV!$T10 -> 11 | S10: =[4]CRP_Outcome_ELV!$U10 -> 8 | T10: =[4]CRP_Outcome_ELV!$V10 -> 7 | V10: =[5]CRP_Outcome_ELV!$S10 -> 16 | W10: =[5]CRP_Outcome_ELV!$T10 -> 10 | X10: =[5]CRP_Outcome_ELV!$U10 -> 8 | Y10: =[5]CRP_Outcome_ELV!$V10 -> 10 | AA10: =[6]CRP_Outcome_ELV!$S10 -> 16 | AB10: =[6]CRP_Outcome_ELV!$T10 -> 12 | AC10: =[6]CRP_Outcome_ELV!$U10 -> 8 | AD10: =[6]CRP_Outcome_ELV!$V10 -> 5 | AF10: =[7]CRP_Outcome_ELV!$S10 -> 16 | AG10: =[7]CRP_Outcome_ELV!$T10 -> 10 | AH10: =[7]CRP_Outcome_ELV!$U10 -> 8 | AI10: =[7]CRP_Outcome_ELV!$V10 -> 5 | AK10: =[8]CRP_Outcome_ELV!$S10 -> 15 | AL10: =[8]CRP_Outcome_ELV!$T10 -> 12 | AM10: =[8]CRP_Outcome_ELV!$U10 -> 8 | AN10: =[8]CRP_Outcome_ELV!$V10 -> 10 | AP10: =[9]CRP_Outcome_ELV!$S10 -> 14 | AQ10: =[9]CRP_Outcome_ELV!$T10 -> 12 | AR10: =[9]CRP_Outcome_ELV!$U10 -> 8 | AS10: =[9]CRP_Outcome_ELV!$V10 -> 6 | AU10: =[10]CRP_Outcome_ELV!$S10 -> 15 | AV10: =[10]CRP_Outcome_ELV!$T10 -> 14 | AW10: =[10]CRP_Outcome_ELV!$U10 -> 8 | AX10: =[10]CRP_Outcome_ELV!$V10 -> 2 | BA10: =[1]CRP_Outcome_ELV!$S10 -> 16 | BB10: =[1]CRP_Outcome_ELV!$T10 -> 11 | BC10: =[1]CRP_Outcome_ELV!$U10 -> 8 | BD10: =[1]CRP_Outcome_ELV!$V10 -> 8
A11: 9 | B11: =[1]CRP_Outcome_ELV!$S11 -> 12 | C11: =[1]CRP_Outcome_ELV!$T11 -> 12 | D11: =[1]CRP_Outcome_ELV!$U11 -> 7 | E11: =[1]CRP_Outcome_ELV!$V11 -> 2 | G11: =[2]CRP_Outcome_ELV!$S11 -> 5 | H11: =[2]CRP_Outcome_ELV!$T11 -> 13 | I11: =[2]CRP_Outcome_ELV!$U11 -> 11 | J11: =[2]CRP_Outcome_ELV!$V11 -> 2 | L11: =[3]CRP_Outcome_ELV!$S11 -> 5 | M11: =[3]CRP_Outcome_ELV!$T11 -> 13 | N11: =[3]CRP_Outcome_ELV!$U11 -> 11 | O11: =[3]CRP_Outcome_ELV!$V11 -> 3 | Q11: =[4]CRP_Outcome_ELV!$S11 -> 2 | R11: =[4]CRP_Outcome_ELV!$T11 -> 13 | S11: =[4]CRP_Outcome_ELV!$U11 -> 11 | T11: =[4]CRP_Outcome_ELV!$V11 -> 3 | V11: =[5]CRP_Outcome_ELV!$S11 -> 10 | W11: =[5]CRP_Outcome_ELV!$T11 -> 12 | X11: =[5]CRP_Outcome_ELV!$U11 -> 8 | Y11: =[5]CRP_Outcome_ELV!$V11 -> 6 | AA11: =[6]CRP_Outcome_ELV!$S11 -> 0 | AB11: =[6]CRP_Outcome_ELV!$T11 -> 13 | AC11: =[6]CRP_Outcome_ELV!$U11 -> 13 | AD11: =[6]CRP_Outcome_ELV!$V11 -> 2 | AF11: =[7]CRP_Outcome_ELV!$S11 -> 0 | AG11: =[7]CRP_Outcome_ELV!$T11 -> 12 | AH11: =[7]CRP_Outcome_ELV!$U11 -> 13 | AI11: =[7]CRP_Outcome_ELV!$V11 -> 2 | AK11: =[8]CRP_Outcome_ELV!$S11 -> 9 | AL11: =[8]CRP_Outcome_ELV!$T11 -> 12 | AM11: =[8]CRP_Outcome_ELV!$U11 -> 8 | AN11: =[8]CRP_Outcome_ELV!$V11 -> 6 | AP11: =[9]CRP_Outcome_ELV!$S11 -> 4 | AQ11: =[9]CRP_Outcome_ELV!$T11 -> 12 | AR11: =[9]CRP_Outcome_ELV!$U11 -> 12 | AS11: =[9]CRP_Outcome_ELV!$V11 -> 2 | AU11: =[10]CRP_Outcome_ELV!$S11 -> 0 | AV11: =[10]CRP_Outcome_ELV!$T11 -> 14 | AW11: =[10]CRP_Outcome_ELV!$U11 -> 14 | AX11: =[10]CRP_Outcome_ELV!$V11 -> 2 | BA11: =[1]CRP_Outcome_ELV!$S11 -> 12 | BB11: =[1]CRP_Outcome_ELV!$T11 -> 12 | BC11: =[1]CRP_Outcome_ELV!$U11 -> 7 | BD11: =[1]CRP_Outcome_ELV!$V11 -> 2
A12: 10 | B12: =[1]CRP_Outcome_ELV!$S12 -> 0 | C12: =[1]CRP_Outcome_ELV!$T12 -> 12 | D12: =[1]CRP_Outcome_ELV!$U12 -> 12 | E12: =[1]CRP_Outcome_ELV!$V12 -> 2 | G12: =[2]CRP_Outcome_ELV!$S12 -> 0 | H12: =[2]CRP_Outcome_ELV!$T12 -> 12 | I12: =[2]CRP_Outcome_ELV!$U12 -> 14 | J12: =[2]CRP_Outcome_ELV!$V12 -> 3 | L12: =[3]CRP_Outcome_ELV!$S12 -> 1 | M12: =[3]CRP_Outcome_ELV!$T12 -> 12 | N12: =[3]CRP_Outcome_ELV!$U12 -> 13 | O12: =[3]CRP_Outcome_ELV!$V12 -> 3 | Q12: =[4]CRP_Outcome_ELV!$S12 -> 0 | R12: =[4]CRP_Outcome_ELV!$T12 -> 12 | S12: =[4]CRP_Outcome_ELV!$U12 -> 13 | T12: =[4]CRP_Outcome_ELV!$V12 -> 3 | V12: =[5]CRP_Outcome_ELV!$S12 -> 5 | W12: =[5]CRP_Outcome_ELV!$T12 -> 12 | X12: =[5]CRP_Outcome_ELV!$U12 -> 10 | Y12: =[5]CRP_Outcome_ELV!$V12 -> 6 | AA12: =[6]CRP_Outcome_ELV!$S12 -> 0 | AB12: =[6]CRP_Outcome_ELV!$T12 -> 12 | AC12: =[6]CRP_Outcome_ELV!$U12 -> 15 | AD12: =[6]CRP_Outcome_ELV!$V12 -> 3 | AF12: =[7]CRP_Outcome_ELV!$S12 -> 0 | AG12: =[7]CRP_Outcome_ELV!$T12 -> 12 | AH12: =[7]CRP_Outcome_ELV!$U12 -> 15 | AI12: =[7]CRP_Outcome_ELV!$V12 -> 3 | AK12: =[8]CRP_Outcome_ELV!$S12 -> 7 | AL12: =[8]CRP_Outcome_ELV!$T12 -> 12 | AM12: =[8]CRP_Outcome_ELV!$U12 -> 10 | AN12: =[8]CRP_Outcome_ELV!$V12 -> 7 | AP12: =[9]CRP_Outcome_ELV!$S12 -> 0 | AQ12: =[9]CRP_Outcome_ELV!$T12 -> 12 | AR12: =[9]CRP_Outcome_ELV!$U12 -> 14 | AS12: =[9]CRP_Outcome_ELV!$V12 -> 5 | AU12: =[10]CRP_Outcome_ELV!$S12 -> 0 | AV12: =[10]CRP_Outcome_ELV!$T12 -> 14 | AW12: =[10]CRP_Outcome_ELV!$U12 -> 18 | AX12: =[10]CRP_Outcome_ELV!$V12 -> 5 | BA12: =[1]CRP_Outcome_ELV!$S12 -> 0 | BB12: =[1]CRP_Outcome_ELV!$T12 -> 12 | BC12: =[1]CRP_Outcome_ELV!$U12 -> 12 | BD12: =[1]CRP_Outcome_ELV!$V12 -> 2
A13: 11 | B13: =[1]CRP_Outcome_ELV!$S13 -> 0 | C13: =[1]CRP_Outcome_ELV!$T13 -> 12 | D13: =[1]CRP_Outcome_ELV!$U13 -> 14 | E13: =[1]CRP_Outcome_ELV!$V13 -> 3 | G13: =[2]CRP_Outcome_ELV!$S13 -> 0 | H13: =[2]CRP_Outcome_ELV!$T13 -> 0 | I13: =[2]CRP_Outcome_ELV!$U13 -> 14 | J13: =[2]CRP_Outcome_ELV!$V13 -> 12 | L13: =[3]CRP_Outcome_ELV!$S13 -> 0 | M13: =[3]CRP_Outcome_ELV!$T13 -> 0 | N13: =[3]CRP_Outcome_ELV!$U13 -> 13 | O13: =[3]CRP_Outcome_ELV!$V13 -> 11 | Q13: =[4]CRP_Outcome_ELV!$S13 -> 0 | R13: =[4]CRP_Outcome_ELV!$T13 -> 2 | S13: =[4]CRP_Outcome_ELV!$U13 -> 13 | T13: =[4]CRP_Outcome_ELV!$V13 -> 14 | V13: =[5]CRP_Outcome_ELV!$S13 -> 5 | W13: =[5]CRP_Outcome_ELV!$T13 -> 12 | X13: =[5]CRP_Outcome_ELV!$U13 -> 10 | Y13: =[5]CRP_Outcome_ELV!$V13 -> 8 | AA13: =[6]CRP_Outcome_ELV!$S13 -> 3 | AB13: =[6]CRP_Outcome_ELV!$T13 -> 0 | AC13: =[6]CRP_Outcome_ELV!$U13 -> 14 | AD13: =[6]CRP_Outcome_ELV!$V13 -> 17 | AF13: =[7]CRP_Outcome_ELV!$S13 -> 3 | AG13: =[7]CRP_Outcome_ELV!$T13 -> 0 | AH13: =[7]CRP_Outcome_ELV!$U13 -> 17 | AI13: =[7]CRP_Outcome_ELV!$V13 -> 17 | AK13: =[8]CRP_Outcome_ELV!$S13 -> 5 | AL13: =[8]CRP_Outcome_ELV!$T13 -> 11 | AM13: =[8]CRP_Outcome_ELV!$U13 -> 10 | AN13: =[8]CRP_Outcome_ELV!$V13 -> 9 | AP13: =[9]CRP_Outcome_ELV!$S13 -> 0 | AQ13: =[9]CRP_Outcome_ELV!$T13 -> 0 | AR13: =[9]CRP_Outcome_ELV!$U13 -> 14 | AS13: =[9]CRP_Outcome_ELV!$V13 -> 12 | AU13: =[10]CRP_Outcome_ELV!$S13 -> 7 | AV13: =[10]CRP_Outcome_ELV!$T13 -> 0 | AW13: =[10]CRP_Outcome_ELV!$U13 -> 14 | AX13: =[10]CRP_Outcome_ELV!$V13 -> 18 | BA13: =[1]CRP_Outcome_ELV!$S13 -> 0 | BB13: =[1]CRP_Outcome_ELV!$T13 -> 12 | BC13: =[1]CRP_Outcome_ELV!$U13 -> 14 | BD13: =[1]CRP_Outcome_ELV!$V13 -> 3
A14: 12 | B14: =[1]CRP_Outcome_ELV!$S14 -> 3 | C14: =[1]CRP_Outcome_ELV!$T14 -> 0 | D14: =[1]CRP_Outcome_ELV!$U14 -> 14 | E14: =[1]CRP_Outcome_ELV!$V14 -> 18 | G14: =[2]CRP_Outcome_ELV!$S14 -> 5 | H14: =[2]CRP_Outcome_ELV!$T14 -> 0 | I14: =[2]CRP_Outcome_ELV!$U14 -> 13 | J14: =[2]CRP_Outcome_ELV!$V14 -> 17 | L14: =[3]CRP_Outcome_ELV!$S14 -> 5 | M14: =[3]CRP_Outcome_ELV!$T14 -> 0 | N14: =[3]CRP_Outcome_ELV!$U14 -> 13 | O14: =[3]CRP_Outcome_ELV!$V14 -> 15 | Q14: =[4]CRP_Outcome_ELV!$S14 -> 8 | R14: =[4]CRP_Outcome_ELV!$T14 -> 0 | S14: =[4]CRP_Outcome_ELV!$U14 -> 13 | T14: =[4]CRP_Outcome_ELV!$V14 -> 17 | V14: =[5]CRP_Outcome_ELV!$S14 -> 9 | W14: =[5]CRP_Outcome_ELV!$T14 -> 1 | X14: =[5]CRP_Outcome_ELV!$U14 -> 10 | Y14: =[5]CRP_Outcome_ELV!$V14 -> 16 | AA14: =[6]CRP_Outcome_ELV!$S14 -> 8 | AB14: =[6]CRP_Outcome_ELV!$T14 -> 0 | AC14: =[6]CRP_Outcome_ELV!$U14 -> 13 | AD14: =[6]CRP_Outcome_ELV!$V14 -> 15 | AF14: =[7]CRP_Outcome_ELV!$S14 -> 8 | AG14: =[7]CRP_Outcome_ELV!$T14 -> 0 | AH14: =[7]CRP_Outcome_ELV!$U14 -> 13 | AI14: =[7]CRP_Outcome_ELV!$V14 -> 17 | AK14: =[8]CRP_Outcome_ELV!$S14 -> 9 | AL14: =[8]CRP_Outcome_ELV!$T14 -> 8 | AM14: =[8]CRP_Outcome_ELV!$U14 -> 10 | AN14: =[8]CRP_Outcome_ELV!$V14 -> 12 | AP14: =[9]CRP_Outcome_ELV!$S14 -> 7 | AQ14: =[9]CRP_Outcome_ELV!$T14 -> 0 | AR14: =[9]CRP_Outcome_ELV!$U14 -> 13 | AS14: =[9]CRP_Outcome_ELV!$V14 -> 16 | AU14: =[10]CRP_Outcome_ELV!$S14 -> 11 | AV14: =[10]CRP_Outcome_ELV!$T14 -> 0 | AW14: =[10]CRP_Outcome_ELV!$U14 -> 12 | AX14: =[10]CRP_Outcome_ELV!$V14 -> 19 | BA14: =[1]CRP_Outcome_ELV!$S14 -> 3 | BB14: =[1]CRP_Outcome_ELV!$T14 -> 0 | BC14: =[1]CRP_Outcome_ELV!$U14 -> 14 | BD14: =[1]CRP_Outcome_ELV!$V14 -> 18
... A38: 36 | B38: =[1]CRP_Outcome_ELV!$S38 -> 8 | C38: =[1]CRP_Outcome_ELV!$T38 -> 0 | D38: =[1]CRP_Outcome_ELV!$U38 -> 13 | E38: =[1]CRP_Outcome_ELV!$V38 -> 13 | G38: =[2]CRP_Outcome_ELV!$S38 -> 4 | H38: =[2]CRP_Outcome_ELV!$T38 -> 0 | I38: =[2]CRP_Outcome_ELV!$U38 -> 13 | J38: =[2]CRP_Outcome_ELV!$V38 -> 15 | L38: =[3]CRP_Outcome_ELV!$S38 -> 7 | M38: =[3]CRP_Outcome_ELV!$T38 -> 0 | N38: =[3]CRP_Outcome_ELV!$U38 -> 13 | O38: =[3]CRP_Outcome_ELV!$V38 -> 16 | Q38: =[4]CRP_Outcome_ELV!$S38 -> 16 | R38: =[4]CRP_Outcome_ELV!$T38 -> 21 | S38: =[4]CRP_Outcome_ELV!$U38 -> 13 | T38: =[4]CRP_Outcome_ELV!$V38 -> 8 | V38: =[5]CRP_Outcome_ELV!$S38 -> 19 | W38: =[5]CRP_Outcome_ELV!$T38 -> 12 | X38: =[5]CRP_Outcome_ELV!$U38 -> 10 | Y38: =[5]CRP_Outcome_ELV!$V38 -> 6 | AA38: =[6]CRP_Outcome_ELV!$S38 -> 11 | AB38: =[6]CRP_Outcome_ELV!$T38 -> 33 | AC38: =[6]CRP_Outcome_ELV!$U38 -> 13 | AD38: =[6]CRP_Outcome_ELV!$V38 -> 3 | AF38: =[7]CRP_Outcome_ELV!$S38 -> 15 | AG38: =[7]CRP_Outcome_ELV!$T38 -> 12 | AH38: =[7]CRP_Outcome_ELV!$U38 -> 13 | AI38: =[7]CRP_Outcome_ELV!$V38 -> 15 | AK38: =[8]CRP_Outcome_ELV!$S38 -> 12 | AL38: =[8]CRP_Outcome_ELV!$T38 -> 5 | AM38: =[8]CRP_Outcome_ELV!$U38 -> 9 | AN38: =[8]CRP_Outcome_ELV!$V38 -> 13 | AP38: =[9]CRP_Outcome_ELV!$S38 -> 6 | AQ38: =[9]CRP_Outcome_ELV!$T38 -> 12 | AR38: =[9]CRP_Outcome_ELV!$U38 -> 13 | AS38: =[9]CRP_Outcome_ELV!$V38 -> 12 | AU38: =[10]CRP_Outcome_ELV!$S38 -> 10 | AV38: =[10]CRP_Outcome_ELV!$T38 -> 0 | AW38: =[10]CRP_Outcome_ELV!$U38 -> 13 | AX38: =[10]CRP_Outcome_ELV!$V38 -> 14 | BA38: =[1]CRP_Outcome_ELV!$S38 -> 8 | BB38: =[1]CRP_Outcome_ELV!$T38 -> 0 | BC38: =[1]CRP_Outcome_ELV!$U38 -> 13 | BD38: =[1]CRP_Outcome_ELV!$V38 -> 13
A40: TOTAL | B40: =SUM(B2:B38) -> 387 | C40: =SUM(C2:C38) -> 382 | D40: =SUM(D2:D38) -> 453 | E40: =SUM(E2:E38) -> 390 | G40: =SUM(G2:G38) -> 359 | H40: =SUM(H2:H38) -> 561 | I40: =SUM(I2:I38) -> 450 | J40: =SUM(J2:J38) -> 378 | L40: =SUM(L2:L38) -> 370 | M40: =SUM(M2:M38) -> 520 | N40: =SUM(N2:N38) -> 453 | O40: =SUM(O2:O38) -> 379 | Q40: =SUM(Q2:Q38) -> 394 | R40: =SUM(R2:R38) -> 428 | S40: =SUM(S2:S38) -> 453 | T40: =SUM(T2:T38) -> 386 | V40: =SUM(V2:V38) -> 427 | W40: =SUM(W2:W38) -> 382 | X40: =SUM(X2:X38) -> 367 | Y40: =SUM(Y2:Y38) -> 391 | AA40: =SUM(AA2:AA38) -> 377 | AB40: =SUM(AB2:AB38) -> 509 | AC40: =SUM(AC2:AC38) -> 467 | AD40: =SUM(AD2:AD38) -> 374 | AF40: =SUM(AF2:AF38) -> 385 | AG40: =SUM(AG2:AG38) -> 414 | AH40: =SUM(AH2:AH38) -> 470 | AI40: =SUM(AI2:AI38) -> 384 | AK40: =SUM(AK2:AK38) -> 394 | AL40: =SUM(AL2:AL38) -> 392 | AM40: =SUM(AM2:AM38) -> 362 | AN40: =SUM(AN2:AN38) -> 351 | AP40: =SUM(AP2:AP38) -> 310 | AQ40: =SUM(AQ2:AQ38) -> 317 | AR40: =SUM(AR2:AR38) -> 465 | AS40: =SUM(AS2:AS38) -> 359 | AU40: =SUM(AU2:AU38) -> 459 | AV40: =SUM(AV2:AV38) -> 570 | AW40: =SUM(AW2:AW38) -> 452 | AX40: =SUM(AX2:AX38) -> 350 | BA40: =SUM(BA2:BA38) -> 387 | BB40: =SUM(BB2:BB38) -> 382 | BC40: =SUM(BC2:BC38) -> 453 | BD40: =SUM(BD2:BD38) -> 390

Sheet Backlog ELV
A1: t | B1: b_d | C1: b_f | D1: b_r | E1: b_w | F1: 1 | G1: b_d | H1: b_f | I1: b_r | J1: b_w | K1: 2 | L1: b_d | M1: b_f | N1: b_r | O1: b_w | P1: 3 | Q1: b_d | R1: b_f | S1: b_r | T1: b_w | U1: 4 | V1: b_d | W1: b_f | X1: b_r | Y1: b_w | Z1: 5 | AA1: b_d | AB1: b_f | AC1: b_r | AD1: b_w | AE1: 6 | AF1: b_d | AG1: b_f | AH1: b_r | AI1: b_w | AJ1: 7 | AK1: b_d | AL1: b_f | AM1: b_r | AN1: b_w | AO1: 8 | AP1: b_d | AQ1: b_f | AR1: b_r | AS1: b_w | AT1: 9 | AU1: b_d | AV1: b_f | AW1: b_r | AX1: b_w | AY1: 10 | BA1: Avg B Distributor | BB1: Avg B Factory | BC1: Avg B Retailer | BD1: Avg B Wolesaler
A2: 0 | B2: =[1]CRP_Outcome_ELV!$B2 -> 0 | C2: =[1]CRP_Outcome_ELV!$C2 -> 0 | D2: =[1]CRP_Outcome_ELV!$D2 -> 0 | E2: =[1]CRP_Outcome_ELV!$E2 -> 0 | G2: =[2]CRP_Outcome_ELV!$B2 -> 0 | H2: =[2]CRP_Outcome_ELV!$C2 -> 0 | I2: =[2]CRP_Outcome_ELV!$D2 -> 0 | J2: =[2]CRP_Outcome_ELV!$E2 -> 0 | L2: =[3]CRP_Outcome_ELV!$B2 -> 0 | M2: =[3]CRP_Outcome_ELV!$C2 -> 0 | N2: =[3]CRP_Outcome_ELV!$D2 -> 0 | O2: =[3]CRP_Outcome_ELV!$E2 -> 0 | Q2: =[4]CRP_Outcome_ELV!$B2 -> 0 | R2: =[4]CRP_Outcome_ELV!$C2 -> 0 | S2: =[4]CRP_Outcome_ELV!$D2 -> 0 | T2: =[4]CRP_Outcome_ELV!$E2 -> 0 | V2: =[5]CRP_Outcome_ELV!$B2 -> 0 | W2: =[5]CRP_Outcome_ELV!$C2 -> 0 | X2: =[5]CRP_Outcome_ELV!$D2 -> 0 | Y2: =[5]CRP_Outcome_ELV!$E2 -> 0 | AA2: =[6]CRP_Outcome_ELV!$B2 -> 0 | AB2: =[6]CRP_Outcome_ELV!$C2 -> 0 | AC2: =[6]CRP_Outcome_ELV!$D2 -> 0 | AD2: =[6]CRP_Outcome_ELV!$E2 -> 0 | AF2: =[7]CRP_Outcome_ELV!$B2 -> 0 | AG2: =[7]CRP_Outcome_ELV!$C2 -> 0 | AH2: =[7]CRP_Outcome_ELV!$D2 -> 0 | AI2: =[7]CRP_Outcome_ELV!$E2 -> 0 | AK2: =[8]CRP_Outcome_ELV!$B2 -> 0 | AL2: =[8]CRP_Outcome_ELV!$C2 -> 0 | AM2: =[8]CRP_Outcome_ELV!$D2 -> 0 | AN2: =[8]CRP_Outcome_ELV!$E2 -> 0 | AP2: =[9]CRP_Outcome_ELV!$B2 -> 0 | AQ2: =[9]CRP_Outcome_ELV!$C2 -> 0 | AR2: =[9]CRP_Outcome_ELV!$D2 -> 0 | AS2: =[9]CRP_Outcome_ELV!$E2 -> 0 | AU2: =[10]CRP_Outcome_ELV!$B2 -> 0 | AV2: =[10]CRP_Outcome_ELV!$C2 -> 0 | AW2: =[10]CRP_Outcome_ELV!$D2 -> 0 | AX2: =[10]CRP_Outcome_ELV!$E2 -> 0 | BA2: =AVERAGE(B2,G2,L2,Q2,V2,AA2,AF2,AK2,AP2,AU2) -> 0 | BB2: =AVERAGE(C2,H2,M2,R2,W2,AB2,AG2,AL2,AQ2,AV2) -> 0 | BC2: =AVERAGE(D2,I2,N2,S2,X2,AC2,AH2,AM2,AR2,AW2) -> 0 | BD2: =AVERAGE(E2,J2,O2,T2,Y2,AD2,AI2,AN2,AS2,AX2) -> 0
A3: 1 | B3: =[1]CRP_Outcome_ELV!$B3 -> 0 | C3: =[1]CRP_Outcome_ELV!$C3 -> 0 | D3: =[1]CRP_Outcome_ELV!$D3 -> 0 | E3: =[1]CRP_Outcome_ELV!$E3 -> 0 | G3: =[2]CRP_Outcome_ELV!$B3 -> 0 | H3: =[2]CRP_Outcome_ELV!$C3 -> 0 | I3: =[2]CRP_Outcome_ELV!$D3 -> 0 | J3: =[2]CRP_Outcome_ELV!$E3 -> 0 | L3: =[3]CRP_Outcome_ELV!$B3 -> 0 | M3: =[3]CRP_Outcome_ELV!$C3 -> 0 | N3: =[3]CRP_Outcome_ELV!$D3 -> 0 | O3: =[3]CRP_Outcome_ELV!$E3 -> 0 | Q3: =[4]CRP_Outcome_ELV!$B3 -> 0 | R3: =[4]CRP_Outcome_ELV!$C3 -> 0 | S3: =[4]CRP_Outcome_ELV!$D3 -> 0 | T3: =[4]CRP_Outcome_ELV!$E3 -> 0 | V3: =[5]CRP_Outcome_ELV!$B3 -> 0 | W3: =[5]CRP_Outcome_ELV!$C3 -> 0 | X3: =[5]CRP_Outcome_ELV!$D3 -> 0 | Y3: =[5]CRP_Outcome_ELV!$E3 -> 0 | AA3: =[6]CRP_Outcome_ELV!$B3 -> 0 | AB3: =[6]CRP_Outcome_ELV!$C3 -> 0 | AC3: =[6]CRP_Outcome_ELV!$D3 -> 0 | AD3: =[6]CRP_Outcome_ELV!$E3 -> 0 | AF3: =[7]CRP_Outcome_ELV!$B3 -> 0 | AG3: =[7]CRP_Outcome_ELV!$C3 -> 0 | AH3: =[7]CRP_Outcome_ELV!$D3 -> 0 | AI3: =[7]CRP_Outcome_ELV!$E3 -> 0 | AK3: =[8]CRP_Outcome_ELV!$B3 -> 0 | AL3: =[8]CRP_Outcome_ELV!$C3 -> 0 | AM3: =[8]CRP_Outcome_ELV!$D3 -> 0 | AN3: =[8]CRP_Outcome_ELV!$E3 -> 0 | AP3: =[9]CRP_Outcome_ELV!$B3 -> 0 | AQ3: =[9]CRP_Outcome_ELV!$C3 -> 0 | AR3: =[9]CRP_Outcome_ELV!$D3 -> 0 | AS3: =[9]CRP_Outcome_ELV!$E3 -> 0 | AU3: =[10]CRP_Outcome_ELV!$B3 -> 0 | AV3: =[10]CRP_Outcome_ELV!$C3 -> 0 | AW3: =[10]CRP_Outcome_ELV!$D3 -> 0 | AX3: =[10]CRP_Outcome_ELV!$E3 -> 0 | BA3: =AVERAGE(B3,G3,L3,Q3,V3,AA3,AF3,AK3,AP3,AU3) -> 0 | BB3: =AVERAGE(C3,H3,M3,R3,W3,AB3,AG3,AL3,AQ3,AV3) -> 0 | BC3: =AVERAGE(D3,I3,N3,S3,X3,AC3,AH3,AM3,AR3,AW3) -> 0 | BD3: =AVERAGE(E3,J3,O3,T3,Y3,AD3,AI3,AN3,AS3,AX3) -> 0
A4: 2 | B4: =[1]CRP_Outcome_ELV!$B4 -> 0 | C4: =[1]CRP_Outcome_ELV!$C4 -> 0 | D4: =[1]CRP_Outcome_ELV!$D4 -> 0 | E4: =[1]CRP_Outcome_ELV!$E4 -> 0 | G4: =[2]CRP_Outcome_ELV!$B4 -> 0 | H4: =[2]CRP_Outcome_ELV!$C4 -> 0 | I4: =[2]CRP_Outcome_ELV!$D4 -> 0 | J4: =[2]CRP_Outcome_ELV!$E4 -> 0 | L4: =[3]CRP_Outcome_ELV!$B4 -> 0 | M4: =[3]CRP_Outcome_ELV!$C4 -> 0 | N4: =[3]CRP_Outcome_ELV!$D4 -> 0 | O4: =[3]CRP_Outcome_ELV!$E4 -> 0 | Q4: =[4]CRP_Outcome_ELV!$B4 -> 0 | R4: =[4]CRP_Outcome_ELV!$C4 -> 0 | S4: =[4]CRP_Outcome_ELV!$D4 -> 0 | T4: =[4]CRP_Outcome_ELV!$E4 -> 0 | V4: =[5]CRP_Outcome_ELV!$B4 -> 0 | W4: =[5]CRP_Outcome_ELV!$C4 -> 0 | X4: =[5]CRP_Outcome_ELV!$D4 -> 0 | Y4: =[5]CRP_Outcome_ELV!$E4 -> 0 | AA4: =[6]CRP_Outcome_ELV!$B4 -> 0 | AB4: =[6]CRP_Outcome_ELV!$C4 -> 0 | AC4: =[6]CRP_Outcome_ELV!$D4 -> 0 | AD4: =[6]CRP_Outcome_ELV!$E4 -> 0 | AF4: =[7]CRP_Outcome_ELV!$B4 -> 0 | AG4: =[7]CRP_Outcome_ELV!$C4 -> 0 | AH4: =[7]CRP_Outcome_ELV!$D4 -> 0 | AI4: =[7]CRP_Outcome_ELV!$E4 -> 0 | AK4: =[8]CRP_Outcome_ELV!$B4 -> 0 | AL4: =[8]CRP_Outcome_ELV!$C4 -> 0 | AM4: =[8]CRP_Outcome_ELV!$D4 -> 0 | AN4: =[8]CRP_Outcome_ELV!$E4 -> 0 | AP4: =[9]CRP_Outcome_ELV!$B4 -> 0 | AQ4: =[9]CRP_Outcome_ELV!$C4 -> 0 | AR4: =[9]CRP_Outcome_ELV!$D4 -> 0 | AS4: =[9]CRP_Outcome_ELV!$E4 -> 0 | AU4: =[10]CRP_Outcome_ELV!$B4 -> 0 | AV4: =[10]CRP_Outcome_ELV!$C4 -> 0 | AW4: =[10]CRP_Outcome_ELV!$D4 -> 0 | AX4: =[10]CRP_Outcome_ELV!$E4 -> 0 | BA4: =AVERAGE(B4,G4,L4,Q4,V4,AA4,AF4,AK4,AP4,AU4) -> 0 | BB4: =AVERAGE(C4,H4,M4,R4,W4,AB4,AG4,AL4,AQ4,AV4) -> 0 | BC4: =AVERAGE(D4,I4,N4,S4,X4,AC4,AH4,AM4,AR4,AW4) -> 0 | BD4: =AVERAGE(E4,J4,O4,T4,Y4,AD4,AI4,AN4,AS4,AX4) -> 0
A5: 3 | B5: =[1]CRP_Outcome_ELV!$B5 -> 0 | C5: =[1]CRP_Outcome_ELV!$C5 -> 0 | D5: =[1]CRP_Outcome_ELV!$D5 -> 0 | E5: =[1]CRP_Outcome_ELV!$E5 -> 0 | G5: =[2]CRP_Outcome_ELV!$B5 -> 0 | H5: =[2]CRP_Outcome_ELV!$C5 -> 0 | I5: =[2]CRP_Outcome_ELV!$D5 -> 0 | J5: =[2]CRP_Outcome_ELV!$E5 -> 0 | L5: =[3]CRP_Outcome_ELV!$B5 -> 0 | M5: =[3]CRP_Outcome_ELV!$C5 -> 0 | N5: =[3]CRP_Outcome_ELV!$D5 -> 0 | O5: =[3]CRP_Outcome_ELV!$E5 -> 0 | Q5: =[4]CRP_Outcome_ELV!$B5 -> 0 | R5: =[4]CRP_Outcome_ELV!$C5 -> 0 | S5: =[4]CRP_Outcome_ELV!$D5 -> 0 | T5: =[4]CRP_Outcome_ELV!$E5 -> 0 | V5: =[5]CRP_Outcome_ELV!$B5 -> 0 | W5: =[5]CRP_Outcome_ELV!$C5 -> 0 | X5: =[5]CRP_Outcome_ELV!$D5 -> 0 | Y5: =[5]CRP_Outcome_ELV!$E5 -> 0 | AA5: =[6]CRP_Outcome_ELV!$B5 -> 0 | AB5: =[6]CRP_Outcome_ELV!$C5 -> 0 | AC5: =[6]CRP_Outcome_ELV!$D5 -> 0 | AD5: =[6]CRP_Outcome_ELV!$E5 -> 0 | AF5: =[7]CRP_Outcome_ELV!$B5 -> 0 | AG5: =[7]CRP_Outcome_ELV!$C5 -> 0 | AH5: =[7]CRP_Outcome_ELV!$D5 -> 0 | AI5: =[7]CRP_Outcome_ELV!$E5 -> 0 | AK5: =[8]CRP_Outcome_ELV!$B5 -> 0 | AL5: =[8]CRP_Outcome_ELV!$C5 -> 0 | AM5: =[8]CRP_Outcome_ELV!$D5 -> 0 | AN5: =[8]CRP_Outcome_ELV!$E5 -> 0 | AP5: =[9]CRP_Outcome_ELV!$B5 -> 0 | AQ5: =[9]CRP_Outcome_ELV!$C5 -> 0 | AR5: =[9]CRP_Outcome_ELV!$D5 -> 0 | AS5: =[9]CRP_Outcome_ELV!$E5 -> 0 | AU5: =[10]CRP_Outcome_ELV!$B5 -> 0 | AV5: =[10]CRP_Outcome_ELV!$C5 -> 0 | AW5: =[10]CRP_Outcome_ELV!$D5 -> 0 | AX5: =[10]CRP_Outcome_ELV!$E5 -> 0 | BA5: =AVERAGE(B5,G5,L5,Q5,V5,AA5,AF5,AK5,AP5,AU5) -> 0 | BB5: =AVERAGE(C5,H5,M5,R5,W5,AB5,AG5,AL5,AQ5,AV5) -> 0 | BC5: =AVERAGE(D5,I5,N5,S5,X5,AC5,AH5,AM5,AR5,AW5) -> 0 | BD5: =AVERAGE(E5,J5,O5,T5,Y5,AD5,AI5,AN5,AS5,AX5) -> 0
A6: 4 | B6: =[1]CRP_Outcome_ELV!$B6 -> 0 | C6: =[1]CRP_Outcome_ELV!$C6 -> 0 | D6: =[1]CRP_Outcome_ELV!$D6 -> 0 | E6: =[1]CRP_Outcome_ELV!$E6 -> 0 | G6: =[2]CRP_Outcome_ELV!$B6 -> 0 | H6: =[2]CRP_Outcome_ELV!$C6 -> 0 | I6: =[2]CRP_Outcome_ELV!$D6 -> 0 | J6: =[2]CRP_Outcome_ELV!$E6 -> 0 | L6: =[3]CRP_Outcome_ELV!$B6 -> 0 | M6: =[3]CRP_Outcome_ELV!$C6 -> 0 | N6: =[3]CRP_Outcome_ELV!$D6 -> 0 | O6: =[3]CRP_Outcome_ELV!$E6 -> 0 | Q6: =[4]CRP_Outcome_ELV!$B6 -> 0 | R6: =[4]CRP_Outcome_ELV!$C6 -> 0 | S6: =[4]CRP_Outcome_ELV!$D6 -> 0 | T6: =[4]CRP_Outcome_ELV!$E6 -> 0 | V6: =[5]CRP_Outcome_ELV!$B6 -> 0 | W6: =[5]CRP_Outcome_ELV!$C6 -> 0 | X6: =[5]CRP_Outcome_ELV!$D6 -> 0 | Y6: =[5]CRP_Outcome_ELV!$E6 -> 0 | AA6: =[6]CRP_Outcome_ELV!$B6 -> 0 | AB6: =[6]CRP_Outcome_ELV!$C6 -> 0 | AC6: =[6]CRP_Outcome_ELV!$D6 -> 0 | AD6: =[6]CRP_Outcome_ELV!$E6 -> 0 | AF6: =[7]CRP_Outcome_ELV!$B6 -> 0 | AG6: =[7]CRP_Outcome_ELV!$C6 -> 0 | AH6: =[7]CRP_Outcome_ELV!$D6 -> 0 | AI6: =[7]CRP_Outcome_ELV!$E6 -> 0 | AK6: =[8]CRP_Outcome_ELV!$B6 -> 0 | AL6: =[8]CRP_Outcome_ELV!$C6 -> 0 | AM6: =[8]CRP_Outcome_ELV!$D6 -> 0 | AN6: =[8]CRP_Outcome_ELV!$E6 -> 0 | AP6: =[9]CRP_Outcome_ELV!$B6 -> 0 | AQ6: =[9]CRP_Outcome_ELV!$C6 -> 0 | AR6: =[9]CRP_Outcome_ELV!$D6 -> 0 | AS6: =[9]CRP_Outcome_ELV!$E6 -> 0 | AU6: =[10]CRP_Outcome_ELV!$B6 -> 0 | AV6: =[10]CRP_Outcome_ELV!$C6 -> 0 | AW6: =[10]CRP_Outcome_ELV!$D6 -> 0 | AX6: =[10]CRP_Outcome_ELV!$E6 -> 0 | BA6: =AVERAGE(B6,G6,L6,Q6,V6,AA6,AF6,AK6,AP6,AU6) -> 0 | BB6: =AVERAGE(C6,H6,M6,R6,W6,AB6,AG6,AL6,AQ6,AV6) -> 0 | BC6: =AVERAGE(D6,I6,N6,S6,X6,AC6,AH6,AM6,AR6,AW6) -> 0 | BD6: =AVERAGE(E6,J6,O6,T6,Y6,AD6,AI6,AN6,AS6,AX6) -> 0
A7: 5 | B7: =[1]CRP_Outcome_ELV!$B7 -> 0 | C7: =[1]CRP_Outcome_ELV!$C7 -> 0 | D7: =[1]CRP_Outcome_ELV!$D7 -> 0 | E7: =[1]CRP_Outcome_ELV!$E7 -> 0 | G7: =[2]CRP_Outcome_ELV!$B7 -> 0 | H7: =[2]CRP_Outcome_ELV!$C7 -> 0 | I7: =[2]CRP_Outcome_ELV!$D7 -> 0 | J7: =[2]CRP_Outcome_ELV!$E7 -> 0 | L7: =[3]CRP_Outcome_ELV!$B7 -> 0 | M7: =[3]CRP_Outcome_ELV!$C7 -> 0 | N7: =[3]CRP_Outcome_ELV!$D7 -> 0 | O7: =[3]CRP_Outcome_ELV!$E7 -> 0 | Q7: =[4]CRP_Outcome_ELV!$B7 -> 0 | R7: =[4]CRP_Outcome_ELV!$C7 -> 0 | S7: =[4]CRP_Outcome_ELV!$D7 -> 0 | T7: =[4]CRP_Outcome_ELV!$E7 -> 0 | V7: =[5]CRP_Outcome_ELV!$B7 -> 0 | W7: =[5]CRP_Outcome_ELV!$C7 -> 0 | X7: =[5]CRP_Outcome_ELV!$D7 -> 0 | Y7: =[5]CRP_Outcome_ELV!$E7 -> 0 | AA7: =[6]CRP_Outcome_ELV!$B7 -> 0 | AB7: =[6]CRP_Outcome_ELV!$C7 -> 0 | AC7: =[6]CRP_Outcome_ELV!$D7 -> 0 | AD7: =[6]CRP_Outcome_ELV!$E7 -> 0 | AF7: =[7]CRP_Outcome_ELV!$B7 -> 0 | AG7: =[7]CRP_Outcome_ELV!$C7 -> 0 | AH7: =[7]CRP_Outcome_ELV!$D7 -> 0 | AI7: =[7]CRP_Outcome_ELV!$E7 -> 0 | AK7: =[8]CRP_Outcome_ELV!$B7 -> 0 | AL7: =[8]CRP_Outcome_ELV!$C7 -> 0 | AM7: =[8]CRP_Outcome_ELV!$D7 -> 0 | AN7: =[8]CRP_Outcome_ELV!$E7 -> 0 | AP7: =[9]CRP_Outcome_ELV!$B7 -> 0 | AQ7: =[9]CRP_Outcome_ELV!$C7 -> 0 | AR7: =[9]CRP_Outcome_ELV!$D7 -> 0 | AS7: =[9]CRP_Outcome_ELV!$E7 -> 0 | AU7: =[10]CRP_Outcome_ELV!$B7 -> 0 | AV7: =[10]CRP_Outcome_ELV!$C7 -> 0 | AW7: =[10]CRP_Outcome_ELV!$D7 -> 0 | AX7: =[10]CRP_Outcome_ELV!$E7 -> 0 | BA7: =AVERAGE(B7,G7,L7,Q7,V7,AA7,AF7,AK7,AP7,AU7) -> 0 | BB7: =AVERAGE(C7,H7,M7,R7,W7,AB7,AG7,AL7,AQ7,AV7) -> 0 | BC7: =AVERAGE(D7,I7,N7,S7,X7,AC7,AH7,AM7,AR7,AW7) -> 0 | BD7: =AVERAGE(E7,J7,O7,T7,Y7,AD7,AI7,AN7,AS7,AX7) -> 0
A8: 6 | B8: =[1]CRP_Outcome_ELV!$B8 -> 0 | C8: =[1]CRP_Outcome_ELV!$C8 -> 0 | D8: =[1]CRP_Outcome_ELV!$D8 -> 0 | E8: =[1]CRP_Outcome_ELV!$E8 -> 0 | G8: =[2]CRP_Outcome_ELV!$B8 -> 0 | H8: =[2]CRP_Outcome_ELV!$C8 -> 0 | I8: =[2]CRP_Outcome_ELV!$D8 -> 0 | J8: =[2]CRP_Outcome_ELV!$E8 -> 0 | L8: =[3]CRP_Outcome_ELV!$B8 -> 0 | M8: =[3]CRP_Outcome_ELV!$C8 -> 0 | N8: =[3]CRP_Outcome_ELV!$D8 -> 0 | O8: =[3]CRP_Outcome_ELV!$E8 -> 0 | Q8: =[4]CRP_Outcome_ELV!$B8 -> 0 | R8: =[4]CRP_Outcome_ELV!$C8 -> 0 | S8: =[4]CRP_Outcome_ELV!$D8 -> 0 | T8: =[4]CRP_Outcome_ELV!$E8 -> 0 | V8: =[5]CRP_Outcome_ELV!$B8 -> 0 | W8: =[5]CRP_Outcome_ELV!$C8 -> 0 | X8: =[5]CRP_Outcome_ELV!$D8 -> 0 | Y8: =[5]CRP_Outcome_ELV!$E8 -> 0 | AA8: =[6]CRP_Outcome_ELV!$B8 -> 0 | AB8: =[6]CRP_Outcome_ELV!$C8 -> 0 | AC8: =[6]CRP_Outcome_ELV!$D8 -> 0 | AD8: =[6]CRP_Outcome_ELV!$E8 -> 0 | AF8: =[7]CRP_Outcome_ELV!$B8 -> 0 | AG8: =[7]CRP_Outcome_ELV!$C8 -> 0 | AH8: =[7]CRP_Outcome_ELV!$D8 -> 0 | AI8: =[7]CRP_Outcome_ELV!$E8 -> 0 | AK8: =[8]CRP_Outcome_ELV!$B8 -> 0 | AL8: =[8]CRP_Outcome_ELV!$C8 -> 0 | AM8: =[8]CRP_Outcome_ELV!$D8 -> 0 | AN8: =[8]CRP_Outcome_ELV!$E8 -> 0 | AP8: =[9]CRP_Outcome_ELV!$B8 -> 0 | AQ8: =[9]CRP_Outcome_ELV!$C8 -> 0 | AR8: =[9]CRP_Outcome_ELV!$D8 -> 0 | AS8: =[9]CRP_Outcome_ELV!$E8 -> 0 | AU8: =[10]CRP_Outcome_ELV!$B8 -> 0 | AV8: =[10]CRP_Outcome_ELV!$C8 -> 0 | AW8: =[10]CRP_Outcome_ELV!$D8 -> 0 | AX8: =[10]CRP_Outcome_ELV!$E8 -> 0 | BA8: =AVERAGE(B8,G8,L8,Q8,V8,AA8,AF8,AK8,AP8,AU8) -> 0 | BB8: =AVERAGE(C8,H8,M8,R8,W8,AB8,AG8,AL8,AQ8,AV8) -> 0 | BC8: =AVERAGE(D8,I8,N8,S8,X8,AC8,AH8,AM8,AR8,AW8) -> 0 | BD8: =AVERAGE(E8,J8,O8,T8,Y8,AD8,AI8,AN8,AS8,AX8) -> 0
A9: 7 | B9: =[1]CRP_Outcome_ELV!$B9 -> 0 | C9: =[1]CRP_Outcome_ELV!$C9 -> 0 | D9: =[1]CRP_Outcome_ELV!$D9 -> 0 | E9: =[1]CRP_Outcome_ELV!$E9 -> 0 | G9: =[2]CRP_Outcome_ELV!$B9 -> 0 | H9: =[2]CRP_Outcome_ELV!$C9 -> 0 | I9: =[2]CRP_Outcome_ELV!$D9 -> 0 | J9: =[2]CRP_Outcome_ELV!$E9 -> 0 | L9: =[3]CRP_Outcome_ELV!$B9 -> 0 | M9: =[3]CRP_Outcome_ELV!$C9 -> 0 | N9: =[3]CRP_Outcome_ELV!$D9 -> 0 | O9: =[3]CRP_Outcome_ELV!$E9 -> 0 | Q9: =[4]CRP_Outcome_ELV!$B9 -> 0 | R9: =[4]CRP_Outcome_ELV!$C9 -> 0 | S9: =[4]CRP_Outcome_ELV!$D9 -> 0 | T9: =[4]CRP_Outcome_ELV!$E9 -> 0 | V9: =[5]CRP_Outcome_ELV!$B9 -> 0 | W9: =[5]CRP_Outcome_ELV!$C9 -> 0 | X9: =[5]CRP_Outcome_ELV!$D9 -> 0 | Y9: =[5]CRP_Outcome_ELV!$E9 -> 0 | AA9: =[6]CRP_Outcome_ELV!$B9 -> 0 | AB9: =[6]CRP_Outcome_ELV!$C9 -> 0 | AC9: =[6]CRP_Outcome_ELV!$D9 -> 0 | AD9: =[6]CRP_Outcome_ELV!$E9 -> 0 | AF9: =[7]CRP_Outcome_ELV!$B9 -> 0 | AG9: =[7]CRP_Outcome_ELV!$C9 -> 0 | AH9: =[7]CRP_Outcome_ELV!$D9 -> 0 | AI9: =[7]CRP_Outcome_ELV!$E9 -> 0 | AK9: =[8]CRP_Outcome_ELV!$B9 -> 0 | AL9: =[8]CRP_Outcome_ELV!$C9 -> 0 | AM9: =[8]CRP_Outcome_ELV!$D9 -> 0 | AN9: =[8]CRP_Outcome_ELV!$E9 -> 0 | AP9: =[9]CRP_Outcome_ELV!$B9 -> 0 | AQ9: =[9]CRP_Outcome_ELV!$C9 -> 0 | AR9: =[9]CRP_Outcome_ELV!$D9 -> 0 | AS9: =[9]CRP_Outcome_ELV!$E9 -> 0 | AU9: =[10]CRP_Outcome_ELV!$B9 -> 0 | AV9: =[10]CRP_Outcome_ELV!$C9 -> 0 | AW9: =[10]CRP_Outcome_ELV!$D9 -> 0 | AX9: =[10]CRP_Outcome_ELV!$E9 -> 0 | BA9: =AVERAGE(B9,G9,L9,Q9,V9,AA9,AF9,AK9,AP9,AU9) -> 0 | BB9: =AVERAGE(C9,H9,M9,R9,W9,AB9,AG9,AL9,AQ9,AV9) -> 0 | BC9: =AVERAGE(D9,I9,N9,S9,X9,AC9,AH9,AM9,AR9,AW9) -> 0 | BD9: =AVERAGE(E9,J9,O9,T9,Y9,AD9,AI9,AN9,AS9,AX9) -> 0
A10: 8 | B10: =[1]CRP_Outcome_ELV!$B10 -> 0 | C10: =[1]CRP_Outcome_ELV!$C10 -> 0 | D10: =[1]CRP_Outcome_ELV!$D10 -> 0 | E10: =[1]CRP_Outcome_ELV!$E10 -> 0 | G10: =[2]CRP_Outcome_ELV!$B10 -> 0 | H10: =[2]CRP_Outcome_ELV!$C10 -> 0 | I10: =[2]CRP_Outcome_ELV!$D10 -> 0 | J10: =[2]CRP_Outcome_ELV!$E10 -> 0 | L10: =[3]CRP_Outcome_ELV!$B10 -> 0 | M10: =[3]CRP_Outcome_ELV!$C10 -> 0 | N10: =[3]CRP_Outcome_ELV!$D10 -> 0 | O10: =[3]CRP_Outcome_ELV!$E10 -> 0 | Q10: =[4]CRP_Outcome_ELV!$B10 -> 0 | R10: =[4]CRP_Outcome_ELV!$C10 -> 0 | S10: =[4]CRP_Outcome_ELV!$D10 -> 0 | T10: =[4]CRP_Outcome_ELV!$E10 -> 0 | V10: =[5]CRP_Outcome_ELV!$B10 -> 0 | W10: =[5]CRP_Outcome_ELV!$C10 -> 0 | X10: =[5]CRP_Outcome_ELV!$D10 -> 0 | Y10: =[5]CRP_Outcome_ELV!$E10 -> 0 | AA10: =[6]CRP_Outcome_ELV!$B10 -> 0 | AB10: =[6]CRP_Outcome_ELV!$C10 -> 0 | AC10: =[6]CRP_Outcome_ELV!$D10 -> 0 | AD10: =[6]CRP_Outcome_ELV!$E10 -> 0 | AF10: =[7]CRP_Outcome_ELV!$B10 -> 0 | AG10: =[7]CRP_Outcome_ELV!$C10 -> 0 | AH10: =[7]CRP_Outcome_ELV!$D10 -> 0 | AI10: =[7]CRP_Outcome_ELV!$E10 -> 0 | AK10: =[8]CRP_Outcome_ELV!$B10 -> 0 | AL10: =[8]CRP_Outcome_ELV!$C10 -> 0 | AM10: =[8]CRP_Outcome_ELV!$D10 -> 0 | AN10: =[8]CRP_Outcome_ELV!$E10 -> 0 | AP10: =[9]CRP_Outcome_ELV!$B10 -> 0 | AQ10: =[9]CRP_Outcome_ELV!$C10 -> 0 | AR10: =[9]CRP_Outcome_ELV!$D10 -> 0 | AS10: =[9]CRP_Outcome_ELV!$E10 -> 0 | AU10: =[10]CRP_Outcome_ELV!$B10 -> 0 | AV10: =[10]CRP_Outcome_ELV!$C10 -> 0 | AW10: =[10]CRP_Outcome_ELV!$D10 -> 0 | AX10: =[10]CRP_Outcome_ELV!$E10 -> 0 | BA10: =AVERAGE(B10,G10,L10,Q10,V10,AA10,AF10,AK10,AP10,AU10) -> 0 | BB10: =AVERAGE(C10,H10,M10,R10,W10,AB10,AG10,AL10,AQ10,AV10) -> 0 | BC10: =AVERAGE(D10,I10,N10,S10,X10,AC10,AH10,AM10,AR10,AW10) -> 0 | BD10: =AVERAGE(E10,J10,O10,T10,Y10,AD10,AI10,AN10,AS10,AX10) -> 0
